"ndvi","x","y"
0.413120064575605,747676.739042877,716731.473103236
0.494451461237929,755299.604583882,720575.132359635
0.563004556883811,749874.420090463,718449.206113663
0.432635097527232,755887.864690021,718624.283114146
0.525316388237892,753798.87539782,718599.910681468
0.484016896189966,754360.756236293,713589.502963793
0.555098646659546,748666.869331536,715362.994344082
0.561430464798806,750110.867695695,720051.511146273
0.512516976173885,745807.988813874,717279.378628653
0.557541968113282,751273.366722668,716204.873951893
0.573462398083208,747722.015943554,720773.516175967
0.372949701927109,749891.199910642,714321.258737218
0.586587608718664,747520.719531142,718748.300369453
0.64751959025914,754566.910590046,719058.688362014
0.619450325794458,754949.70591599,720014.548900571
0.588378411920013,754201.818486283,719598.102145117
0.516894797096727,753050.857116902,713683.193457421
0.519343600984511,754844.220924083,716404.415740218
0.565962462549248,754280.097044798,720629.408886801
0.600371671042899,756474.916179556,720701.055828702
0.54270867711635,754470.503330681,713358.840161409
0.334282587226237,747379.905875352,718357.601090517
0.461465877277581,751432.775857983,713148.732572418
0.461134165200957,746676.307116166,712925.628345009
0.318857134743689,754924.623828808,718949.108248275
0.55441695013295,754042.358917539,713227.564578947
0.515663786601786,755599.376614402,715183.939634334
0.537266639788839,754158.663403626,719389.168076213
0.457192929110223,755714.333156579,718046.580194529
0.663154940719513,750171.429861482,716993.175421428
0.602423866280561,752957.60240062,718215.646394785
0.477813602564811,747335.398942063,717897.19184972
0.475230245860494,749073.088785921,715437.62497529
0.423386728519831,748752.314120837,713540.259306129
0.509456832161757,750116.504735189,715566.754490133
0.55002393846007,753437.623127341,716979.113830026
0.4334727768961,755310.22997416,720203.395932984
0.565110156403372,751975.628893516,715060.50998598
0.14681084803736,754220.530126894,714525.530662831
0.589872290684531,747599.310036559,719491.67722046
0.641909470521249,751345.357003499,718887.624198344
0.47620561104946,750931.224285631,713001.324997392
0.444871844927761,756586.119145021,719652.002864625
0.635496242851002,750921.035173392,719241.453427818
0.528277923483843,753300.5534092,717856.514230888
0.577951022900864,753507.562536531,713671.620522808
0.495615516116312,752743.429570695,719883.296387788
0.285202297213996,753787.624091186,717620.868564766
0.500488267905445,755244.102596132,714001.348816823
0.592007924090696,751671.262726466,719763.308531266
0.438055784034158,754392.364288421,720363.278578144
0.652794243671765,748874.736942233,719478.836370777
0.518116556416966,753361.749235593,713569.610486697
0.577048074741186,754272.264906989,713230.84007315
0.456701506703329,756488.984466401,721242.640302103
0.548929284429516,755388.583918024,717575.894558053
0.622661283306581,749358.967874317,719159.412237328
0.39122350950799,748642.926921168,716566.780287024
0.582356228735905,755752.303565064,713700.172775906
0.418434536209557,748867.780367719,716416.776196208
0.633096266343228,747005.88236279,714734.903508272
0.473100992915044,747650.44757265,717331.570912447
0.39646447683971,747943.962100231,713971.95694245
0.51608723993801,751865.727366543,717405.02104513
0.595115967643531,748745.031050345,719173.117536154
0.129797194103266,753877.499158269,714185.096118297
0.475043085649365,755606.2627535,716072.623395842
0.584806424437595,750313.779076947,712638.888299014
0.464669858466653,755539.910885369,716142.704695459
0.460079249998328,746823.562489577,719696.137795221
0.538949925498628,750918.780596043,720264.002890509
0.367773925257964,749442.877250312,713564.088531133
0.216850733930682,747833.986257732,717535.434520017
0.47575881235373,751688.343377487,714113.032797646
0.44318775477432,745785.829199023,716977.575646859
0.45792519352974,748340.019810715,715369.04770292
0.589976865953119,748436.016792495,720724.962321442
0.407304039360004,756514.582482962,718876.90477952
0.453050863354086,754446.628529477,720461.962261345
0.527324916984849,755679.841180389,721125.224509683
0.515163000604498,755051.297237439,715832.039243128
0.599280908009036,754962.760307543,713133.894290399
0.608041814415654,750908.807284912,713836.286314424
0.457902884968528,748801.594114763,715830.949924957
0.592037378519663,753058.918205077,717955.267444994
0.509758412792716,747713.411861044,719696.449489366
0.52825329001596,752851.508574948,718681.062631156
0.438629475983159,753267.766269744,720758.190590214
0.532231368899135,751920.243854584,717936.432749327
0.596314350842127,753294.131749453,718016.927917223
0.528015253202065,753290.308855051,717689.627662744
0.539127775100027,749830.295044499,721091.883135509
0.510958617678582,754646.364363764,715844.533279162
0.450470966720226,754833.238446709,715294.416116174
0.454989649958412,752911.847913916,720708.929907899
0.549247797567713,753901.313304166,713268.429014307
0.449393229011513,751329.219290748,717405.095186751
0.438886878640923,745950.118497152,717684.814218726
0.482018435597407,747290.496445264,712994.308324527
0.479807208699922,756162.545358889,718129.957288053
0.688025322321324,750387.92336899,713305.260027569
0.551768899918837,745783.285258176,714356.677816879
0.593985489201423,749614.9765526,718309.892703142
0.654905136098522,748618.297308419,720197.031131458
0.522507446090837,754226.916775181,720442.236995172
0.241621969931342,748393.049378827,717400.197681632
0.502254255535416,749083.79079637,717035.210288983
0.480200774789019,747904.042863237,715264.204668697
0.617738590412678,751003.570626314,714502.083409201
0.60500006927426,748421.710940805,720059.956306662
0.57374452960488,748338.266068111,712813.131415468
0.436138525684842,752520.976186941,713176.266404163
0.429692101396998,748197.207042017,715050.09237602
0.56812659661126,754473.249207501,720018.521916639
0.523288120268749,751835.912648499,717250.635036822
0.502635015888005,751696.640867538,715360.353984233
0.61558981346818,753965.151737408,714701.55032165
0.470095057509958,755372.055716774,714203.85354824
0.475978876170537,754548.046997139,716959.445572194
0.377365868653974,753601.753732219,713400.004003715
0.521237181913613,754690.04937932,716387.563532289
0.527478809649685,751689.315248913,718146.77097879
0.240192815206742,748070.754682488,719095.16685858
0.508277504618522,752876.48009766,713498.511174094
0.585991648903201,748340.365228212,719948.898274969
0.546223942376539,752635.654106442,720003.395784643
0.595414336746591,752818.465044935,715241.963528018
0.632235306092063,752943.781362924,715264.370895918
0.534741081227286,746500.466356518,717873.633973073
0.459769314346856,752577.540422311,713047.180041369
0.560400728828298,749394.021468299,715077.504653405
0.463101227704467,755167.902756623,719255.534874272
0.475251190042805,745654.513062021,716788.841301423
0.504728415261692,746595.560260295,714702.274192195
0.581966781578928,751496.689748427,714027.622820359
0.536777258315525,746843.924618788,719501.650676724
0.499501484530402,749899.040261082,720978.378128555
0.595802385318629,755724.093820188,719944.33784708
0.42622539723322,748880.755046724,717281.555806544
0.472093773679189,752764.040790644,717251.41358621
0.486272459778259,754852.490723784,715422.679872286
0.530529106373021,746968.148928351,712974.460238662
0.611480156255472,753255.209758944,717254.439158212
0.50410151813865,755112.879062794,712921.277217936
0.513419919427633,753167.541595501,716448.254223015
0.492359586417004,751326.491310863,716845.534626987
0.507657097777104,750826.193253136,714808.945834484
0.647235829622852,752392.154510085,715084.807092171
0.533048695075033,751406.434018196,720283.753598105
0.657357882801411,748142.773084793,719473.138843846
0.469594440251913,753842.154686536,712975.387157794
0.462832479840623,751640.014712765,713092.46539421
0.421014244681795,749702.534553424,716712.009105008
0.400813765147227,754956.886291342,717400.172497701
0.515316369414439,746808.215866588,719133.773905259
0.507201954772371,747736.90962639,717992.630575668
0.396205388102427,752565.568054159,717715.528534126
0.608459507915063,751037.43346603,719212.844140228
0.572800586980935,747625.49317777,720308.790531304
0.650165609318581,750200.254084644,716682.100285139
0.577938866698781,751398.109795846,718895.568617132
0.498242182826531,749998.88158165,720870.444384884
0.505463589232568,756052.97224932,717810.352980565
0.472111704537222,746984.594114435,716029.665634479
0.510350319238258,750723.385336642,715093.228356089
0.504037955737514,746590.635250023,718491.289198618
0.400694415175327,752097.038969282,714320.844931375
0.443322077506294,748059.690432754,714511.390850168
0.548303680657472,753269.500811399,714332.929118495
0.430723504874166,751543.902070214,716937.302320745
0.48233065536418,745705.378197449,716322.907015156
0.480636191139913,752477.441282092,713581.120510768
0.487512461448563,753583.304462003,719482.696345817
0.529746774741644,756755.959529454,720684.209957492
0.399677476963968,749428.230468001,716588.595278334
0.399406853369841,751963.414918074,719241.668787744
0.501280062843417,755112.44655043,720093.620338511
0.236321950899295,748439.230778617,717759.277383532
0.584512234784178,751884.30515671,718728.40540595
0.491196206702576,755501.47009221,717505.576337572
0.534973726809826,755523.795947631,713300.378082614
0.206912837898591,748036.210181123,717056.094178926
0.49972260021876,754634.045620063,718595.026336607
0.63650010552655,749396.373500778,719240.488613095
0.592007924090696,751705.604168809,719741.750199195
0.507782368212996,754673.605153948,716742.903037217
0.425387350805489,749823.987062889,714868.789448734
0.49236078478409,755133.045097486,720662.913746309
0.469080083314548,754624.389141897,721112.902263101
0.54985778033989,747258.162099592,718650.139773335
0.516553976640713,749965.138202977,721004.643359255
0.436172372331534,746319.222638641,716039.000369605
0.657357882801411,748092.607034246,719492.438630532
0.529151013460836,747794.598233701,714865.910492312
0.40581964090213,749632.736810782,713441.442672532
0.507840998604568,753045.382562949,716038.648752119
0.512875856560444,749123.650224336,716761.742287274
0.558439863226567,749966.706179388,718349.334547143
0.56887887886369,756035.817873572,721235.6027583
0.263420782383662,748262.369579653,717254.516677406
0.502895102120262,755413.654694875,716910.343146916
0.5222746767502,752446.035876492,718914.981585663
0.510543463542094,748502.785229416,713236.254980411
0.644997237084247,749097.675235787,720958.030797761
0.555375989327994,754498.974868461,713256.96349613
0.501800300405546,752520.546420991,716278.074005466
0.549247797567713,753825.327807398,713334.465417337
0.535541920304271,754231.611073337,715286.268775534
0.473803299228445,750420.474979459,717696.910924386
0.561410049272413,750142.780647724,719960.594003122
0.375728419520952,755094.238150337,717795.049617585
0.492206911196244,752134.593551467,718343.788180124
0.474668561279906,755004.733199851,715983.143607598
0.241162535913375,748036.442402169,716929.782248881
0.576693156867783,752684.592531045,713977.409425449
0.463268373031157,752245.61391231,716641.323352825
0.545917563188182,753307.92800821,720663.1701038
0.583480365595264,751758.349932782,713580.566538718
0.373882392427145,748369.894718347,714247.546525892
0.567789228183976,753183.640618938,718513.556559231
0.516247090811947,746267.017886367,719267.740110826
0.41458065507694,749997.180199224,715915.095724832
0.597620066348306,753383.390275779,717457.6528196
0.468268471853273,747405.964336801,713695.734509896
0.522536136962827,750020.737621906,716322.366251644
0.46808981155307,756643.3420834,721117.645101991
0.496976045089505,747907.010230926,713087.763466384
0.585471315127925,750514.310171181,718396.503116485
0.223120821966579,748099.331315859,717120.049092542
0.485882575940363,750779.211047344,715273.489261266
0.538716950605629,755981.216677808,715056.086091246
0.494578239170927,745698.123655602,716095.520976331
0.472636330700175,745974.654673264,716787.672359865
0.607036053179878,749251.057992772,719558.023515191
0.431548539897384,754148.176842999,717090.092268508
0.470266562405258,753529.53086841,717124.67817023
0.368571574342901,746945.17455188,714054.729018133
0.576442757906509,746933.160210425,719394.095561054
0.22956279915567,748621.768608553,718879.640536156
0.621055785037916,752259.084050326,720062.111985978
0.470486800439689,753455.326746049,717185.528123822
0.402512794502602,746905.693836362,713958.632697683
0.516417598116741,752810.797638764,716334.649908613
0.551156746962471,751331.257779574,714456.282179054
0.62587816099467,748895.320599571,720670.005256828
0.530942799491266,754900.145385946,720286.332560178
0.528184823368714,755905.213632729,715504.511329453
0.439507130412843,749794.071398148,714210.481154617
0.622661283306581,749323.504282181,719147.031037133
0.563046935407651,752569.363859653,719392.648839872
0.513163752187729,754698.103942099,717918.551546779
0.406695316845695,755898.773655569,718668.70581023
0.427155903939233,753704.877712574,720365.361934375
0.513525314441224,746982.405706512,714232.838754129
0.561430464798806,750106.968766599,720031.531037387
0.556761164996825,749269.660338332,719369.804727208
0.532429629435752,755218.111208934,716909.419374015
0.652165505083188,750132.41442103,716924.877781417
0.487307997631274,754869.3284635,718493.976468291
0.534075968997365,752995.075080044,718736.35070182
0.489690334876163,755091.145331123,720298.639866184
0.626875794936169,751192.439979316,718797.078704756
0.378960032914928,750678.205547795,715772.632918801
0.450021841709942,755081.387690698,717762.007650357
0.528101764284813,752858.746808629,715531.475254815
0.589976865953119,748453.874904996,720746.583851721
0.573459126814444,752131.827821691,718786.508548852
0.233728292977751,747422.411755678,716048.264270272
0.219477271135517,752363.469568988,719754.03042629
0.380841335968384,753388.15178125,714074.717533734
0.624544451468511,753871.60914793,713698.158833902
0.50350576849647,753859.816156299,715170.977061313
0.555163268069609,750899.480352522,717556.452474814
0.40930709444405,753092.880700781,716902.228970449
0.407685100849544,756179.587525512,719205.065381374
0.635496242851002,750892.357412359,719210.560944002
0.447164722587653,749003.292049233,716676.812518608
0.566310422643243,752782.984303677,717964.709435623
0.471622196118442,747879.467803539,715876.842259016
0.368405652164255,746686.416577065,719432.495916035
0.40801519413064,748152.701939671,715178.025031533
0.537587725418039,750802.650917104,720031.621942144
0.473045966440882,750642.357731754,713740.681813877
0.409989349442829,747708.574901031,715766.648789119
0.454166228205117,754580.170164303,714643.370291214
0.616005968182517,752312.691632217,717977.111864831
0.576442757906509,746900.821311347,719403.564363044
0.284729499185013,754233.698329647,716590.160015371
0.358449698007281,748977.199151154,714544.495333653
0.554509324833884,750344.925185899,718283.173507895
0.45502391373128,748426.401638285,714626.518053111
0.560240192702564,746530.86850386,716707.685054835
0.57107741544294,750795.831620729,717515.010341924
0.584629024192422,747641.191722361,718627.247499596
0.567458102037275,755771.785803781,720775.479713898
0.483617372270479,747363.175666275,714555.825773101
0.325499043608943,751448.945779895,718118.00842106
0.526171346385393,755924.096863031,717480.200410035
0.531285721782992,750641.527327282,718300.325215306
0.503481037846439,751339.691054801,717228.03600229
0.493554455549641,747170.013901767,714078.285645541
0.576442757906509,746916.57154814,719396.594386768
0.525347814479208,746354.469596696,714602.868776839
0.487338036189529,746709.501326395,713154.246302318
0.485450434142586,754346.047247163,714236.474433463
0.52820459339791,747019.20695681,720051.463311087
0.533648846374185,751260.444664644,714224.170816835
0.569911917467272,752702.780181338,720393.191113543
0.57385896335138,747122.707632383,714405.833297592
0.661008390985784,748030.631612047,719669.0800482
0.519593672769215,750467.863399101,720364.103643071
0.360620033690471,755998.649319623,717360.394956466
0.617203239845296,748018.723002224,719406.794858497
0.521237181913613,754671.314527249,716376.197019812
0.42484633443453,746152.094604546,717778.718672168
0.466129637539644,750963.094388804,717723.135036822
0.46589747642439,754496.121067136,716912.344648834
0.52896385009178,746312.867435735,713715.953927483
0.529607454942544,746073.874492497,718399.981057789
0.48579760795523,755607.737790929,719475.993469279
0.612629281457393,755001.4414093,713047.586019855
0.651609278059583,753551.229846763,714459.044040959
0.610155459819051,754141.577680254,715152.868966009
0.511100453905462,755465.820701948,715229.152973887
0.559988551042102,750374.198634102,713878.30508269
0.564613780571711,752389.567922639,719537.058891427
0.252889691156389,747938.380912481,717354.297379401
0.490418192112489,748408.072031367,716979.67093825
0.382496813275892,748152.371411893,714001.678197455
0.606458085381286,755756.758616463,716722.47099958
0.446344439896556,746516.26982638,717233.867111277
0.645466609240463,747986.263306154,719609.38420422
0.605588763269368,752970.601946384,718480.622959953
0.569911917467272,752666.253987636,720409.103749018
0.460816070988313,751286.493851623,713224.564858746
0.525927353322985,753401.572486468,712930.549489107
0.572873422281575,749543.542410039,719405.004272755
0.557822237788107,755034.350633795,720550.814004313
0.395398469569131,748409.505228557,716113.131464195
0.481103270163989,749156.620117443,717118.481523093
0.496925616698919,751313.351530306,720175.490111705
0.628587828128603,754033.241244893,718573.562916514
0.429630093743215,746420.875432402,716127.086228576
0.474634888797639,752208.022538285,720392.83493362
0.58405694732954,752095.045713795,715083.941641223
0.501849639123262,755865.046648931,719497.103242125
0.390111379609479,751414.240272647,717805.190409493
0.567789228183976,753104.004671721,718476.614723798
0.543858634909793,747135.136240643,719232.54201166
0.540500451280716,750831.831639224,713221.364922371
0.512320461010134,752603.847732324,714413.128765967
0.522381612577092,748005.845919397,715717.127736058
0.627904754521938,747241.432223172,718982.430340718
0.52496312221953,746911.740301839,716217.497615065
0.439343466422045,751357.103348666,717932.459626641
0.579081701769359,756896.874592338,720828.979125988
0.55913175917488,748621.559556386,714705.014491152
0.464443800557232,746341.01446017,717844.322412085
0.622397682294818,753488.415905927,715644.754473414
0.549497696269777,754235.193784219,713676.798402589
0.551977708897392,755954.231051343,720117.776065465
0.428529647590264,754036.18091957,721243.142037462
0.632392424839683,750409.853682191,719507.326787557
0.475826311564074,754927.738459663,720264.43118028
0.427716917481601,754776.082574598,717387.422798198
0.517481778035293,753940.505925604,719776.985145878
0.487346970729204,752799.87923907,719256.489021178
0.543407148259777,753506.087392651,718772.798150476
0.590131110863987,754128.14236475,713385.072326507
0.528828229668289,751281.513471295,717269.409159493
0.48059552682797,754086.970174656,720207.261174541
0.607173773300778,753541.226852002,717641.681751009
0.584742089576287,748304.475790154,721007.804156836
0.504082136878235,751246.876890532,719691.794487458
0.28520205768233,753774.197858543,719497.757624011
0.358449698007281,749034.429929588,714584.114688259
0.526515098340074,749709.966534398,712847.33148947
0.577148711984402,751050.942216184,721181.475083675
0.485121958045578,749351.145553874,717034.743956771
0.441832774799859,755136.618153338,718204.680789407
0.492193699098968,750564.382306066,715519.790620949
0.45146650865087,753430.44833264,720283.353340771
0.599744689239747,752206.907943793,718161.779577728
0.522714917649378,754565.258092199,716613.178715702
0.312557009549427,752937.022445087,713924.339113828
0.555119487154533,753314.131136403,720379.331226941
0.545884235501063,754345.205465829,716787.367284071
0.538079375532904,755038.234106327,714136.104893383
0.507466411110929,749381.415649779,720248.97672176
0.432990512493483,746715.713271323,713032.439761233
0.457927516648271,755110.997380392,717617.402516376
0.518072992162915,750578.586441957,714264.513426419
0.523951328776403,754974.368294101,717014.604241025
0.54994854859771,752106.58452371,718176.902987953
0.527957871280389,746027.573977628,716360.80656014
0.382166157179452,755288.963401721,717108.670976829
0.398055825014504,749228.503402547,712650.929229479
0.497803473738408,746077.142062973,715810.183604281
0.623170114610736,751900.873383224,718868.402164202
0.609392145853795,750117.524618303,718528.810686912
0.567218065544128,751678.278372841,720949.747758802
0.608889557023417,745573.509083748,715837.298289236
0.596314831667274,751196.339044137,719556.200807314
0.570158120586777,746440.020367786,714094.826296117
0.53631190172721,755490.163213265,717027.34341554
0.450907782652808,754678.72570786,713814.126901325
0.506249915598053,746495.516165459,717936.960131299
0.546203947257675,747275.137833325,720350.132477652
0.554627770242742,756870.074527148,720883.991680142
0.602444073128724,747251.752500649,718984.101075973
0.378498975016628,748476.071575152,714213.409949835
0.502680663479529,746057.701874735,715864.217101183
0.473138291708155,746314.00119658,714787.707876857
0.293106966367183,747841.309707436,718048.509930592
0.520012764187829,747510.202429962,720502.820623513
0.3084852700943,750149.578864303,715684.909485947
0.612856607991347,752865.080013607,714457.409632202
0.475826311564074,754925.121403517,720177.810416963
0.402460747768484,748573.510429811,714153.186222982
0.417958191948798,753158.711524602,712835.004463192
0.510997804387482,755839.632163109,716845.099485513
0.517783942423434,746594.606493382,714822.266951125
0.565915418663201,749307.14654225,713828.508068543
0.514848417788309,752833.051227826,719171.875036355
0.526171346385393,755946.658207519,717521.085225489
0.616291758014679,752758.151051752,714880.378273424
0.233496444075352,747934.697049985,717293.575007092
0.229815150779832,747959.966798172,718090.775716227
0.549358538547377,746112.570675582,717509.707594585
0.53696820394178,745739.647141903,715647.733381014
0.48766745635958,754785.244559789,715368.336556103
0.432761107703135,746661.665116128,716380.485332903
0.437413326382324,754320.051982518,714157.592646476
0.583394460677369,747287.579683986,719639.34898838
0.630248811728677,752393.636208634,715465.977971774
0.568118557507646,750113.486790362,716719.401217397
0.510591708619021,751186.031995754,715370.728100162
0.524963765247605,747811.316666728,713305.135821845
0.3077899852525,748235.822237813,719369.044974741
0.468019565230359,755216.033924344,714198.365020376
0.497243220873965,751707.544582431,718977.258320894
0.536106526768472,748060.583028077,713662.081489857
0.474413886862718,751551.437044389,716886.391090151
0.595610525123973,752297.721933314,720022.330626618
0.430688896688308,749202.944479812,713278.70040096
0.597023447559475,755819.82320753,720765.589244511
0.4732648503918,751564.24850867,713086.285170238
0.476717648854973,750856.555612065,717749.924559589
0.611679629930934,753080.109195233,720243.244660717
0.537439784127792,749090.878240723,718792.843537625
0.48845277051495,747626.273199377,719708.148993399
0.654334339286763,753013.500276554,720116.208278757
0.591856675369689,745640.61668954,715451.640845757
0.484170710893903,752925.621014439,714351.300976198
0.402460747768484,748596.583128982,714175.606431287
0.219763850167144,748710.355628576,718313.798024949
0.483211812441331,746952.919057248,717353.156084042
0.513692863616019,754503.716938792,716721.123531532
0.515386396654233,754841.041092499,714531.699792515
0.485882575940363,750815.475386934,715288.711532351
0.553765627083407,753588.0897857,719827.955255654
0.386416931282616,749550.9429616,716139.030146893
0.545980349013263,750185.475668713,718774.617380198
0.454081367207483,749791.946532993,716685.200401094
0.66651377687949,748873.51326293,719588.170796853
0.556976042528644,754038.432010676,716754.837480631
0.215518104907463,747916.237613779,717993.334060084
0.591744085666212,753013.946600828,717318.81983697
0.4691835508167,749110.777013634,720150.117159408
0.453398827484034,747501.379666867,714876.112420481
0.491593037109931,749701.481279553,713993.437499847
0.603974438444124,751280.900581778,713563.289259668
0.60206534198155,746878.689110075,714520.56715123
0.544371254170062,746718.070519861,714404.080005955
0.567184833624209,751851.474335428,721064.708881374
0.6021924046817,745979.03409714,713650.412788313
0.504904509351591,748826.098747029,712694.229467358
0.550924426186941,751866.159916165,713985.629903894
0.539024939339047,746381.218435402,715217.812228721
0.454933665597226,747334.360651054,716821.286043968
0.472593947960258,749674.755729482,716196.747458052
0.446436744178048,748448.559736222,715373.053392317
0.644093566005034,749513.790117035,719190.283516269
0.557402149513926,750999.89315349,715284.422662031
0.609694389612359,745584.926718773,714764.704453047
0.536752758854591,746937.857992164,719871.688536849
0.514437645954605,745827.678140752,715819.425473284
0.510563109558238,754866.985181224,716998.677552115
0.649034853594367,747546.41671402,713935.155142467
0.502833955008094,746057.118972231,715147.282951247
0.493293703527788,752225.084757459,717494.457866397
0.457319569848337,750527.355879062,714933.937815946
0.618115757988613,751591.278551469,719868.878890049
0.497688043066947,754590.664564985,715570.09190112
0.548716292065805,752946.482150113,717703.412816297
0.524052134874751,749878.409049791,721191.931084093
0.527703236467142,752476.434138402,714324.989278238
0.439343466422045,751316.082764905,717997.959758189
0.236321950899295,748503.053223042,717760.047061514
0.409580023389828,756237.393347766,718685.93552969
0.524897661329375,750976.49800877,719931.130018901
0.454933665597226,747292.535820288,716826.99265353
0.510339453271774,750909.721351234,715582.675757628
0.508894689031067,746696.903968003,713452.846479114
0.548025740811455,749791.502401592,716518.380121063
0.388449989797265,748382.949578281,713930.859368142
0.531780135901176,750678.134023925,712652.635701817
0.572404052792302,750711.616216461,716746.049089354
0.474334092542966,753180.578837931,719544.82014082
0.508109840556829,752197.264327468,713578.549933281
0.474771693780183,755765.201528092,714765.069912743
0.576530147883562,752674.110611646,718545.98951548
0.459760913665923,754789.657118941,717359.506699365
0.425447113139047,750813.226270479,715873.059141334
0.552076498855324,753398.131207944,712869.300424825
0.536000241683581,750527.968672773,713121.309685554
0.575722842767053,751426.580881212,720871.614143174
0.381727767061152,751048.555832234,717458.517262708
0.600550036263826,749560.218907021,718230.694271322
0.616169873882724,753117.76089457,720159.737903845
0.406701385528865,747682.685221649,715598.484348204
0.253325435053667,747416.484804469,715985.907012444
0.48594477598588,753269.549251549,720591.331251856
0.49566922513024,749964.953990957,713498.441385698
0.271458095496602,748311.178893506,718210.844714936
0.479076939854271,755066.205905798,718165.030042898
0.432944451724841,746825.786566291,717494.285936128
0.604590914897763,747405.400605973,718834.074102562
0.548448445139116,749663.200858898,720853.02963927
0.601749457796556,752903.852910007,714255.223281678
0.479633378805634,752318.028785613,713130.998808216
0.466788939129444,752266.082856284,713113.374361467
0.429537334443984,752974.686152002,714217.409692775
0.53232805020791,752229.244010447,716402.556673657
0.164243598468427,755363.283131629,719755.350294407
0.582460252953054,751183.729401395,714687.699046951
0.449561617614485,747151.147314949,715244.039020684
0.439009683570968,749166.826762025,715612.724673297
0.459902104942109,746249.092127444,715778.216614123
0.595976710843233,750732.324926137,719197.526756
0.525955375889987,751004.611277856,720637.44724996
0.55897401546435,751506.615947374,716709.096696746
0.65048340708773,752350.837702112,715866.607780229
0.388914352122279,754657.980805127,718199.03043985
0.510832326734411,753261.826826607,719921.301550787
0.497405804973208,746803.182891892,717894.934978034
0.48197351646786,752118.207759255,716527.202599864
0.422031848816662,750992.876128586,715782.637123238
0.492401763715762,754279.812218739,719331.231836449
0.559184380360627,752483.56498249,719310.943869647
0.466785145685388,747736.902483584,714306.891450431
0.491390596531998,749132.583597141,715037.221637141
0.499470826751696,748284.475916194,716741.15301251
0.488684692651227,747030.702076914,714050.043125223
0.565185649853683,750453.771985957,712808.977424722
0.483571377104684,746439.747099554,714689.486484449
0.53293108116285,750336.948792142,720103.193034526
0.218575365580689,748548.012566893,718928.794908445
0.565796092475616,754600.00368592,716273.666431304
0.442432432981885,755335.584799984,716538.907157179
0.505190642085777,752283.62239536,716956.619946804
0.558260276281735,754273.986959377,713142.230398875
0.520559727251548,755174.731774559,719742.474932741
0.635834479592792,749095.259154901,719306.213547286
0.604575134601074,749217.153435234,719602.43732981
0.538673779417531,755051.850283331,714631.079973649
0.217250432080465,747963.322964463,716766.947318386
0.244360534165814,748608.457520398,718779.905474629
0.534973726809826,755521.793039775,713328.984306451
0.492303903835315,749213.346846338,712796.232581358
0.429630093743215,746418.122854544,716203.685905632
0.503033984351854,746887.400571533,716257.217280935
0.477591566416729,749526.308492062,716813.063396957
0.429499146381792,753755.431459964,720779.590739679
0.494395983994828,745666.386998362,716885.993715521
0.638693290475164,748119.071983654,719722.513280805
0.602073858623807,749132.080646698,720778.638839792
0.402541469610343,748239.330454866,714524.57538135
0.373043013558189,751919.385121061,718471.102110367
0.56540249721728,750880.807590174,715357.116675299
0.297309601021431,747881.437046529,717944.762000065
0.520210424614106,752071.722436246,720519.35510635
0.520263708599198,750193.081187416,719355.736915763
0.510277077639176,754947.124416862,719385.453155708
0.552698409899093,756474.633352099,720451.66652761
0.549621509543767,746046.918938205,714066.882919218
0.597434542715309,747530.588084661,714055.959103998
0.476306897040491,754417.73826463,712864.352891814
0.612245292134304,753597.231249959,718189.898204129
0.414219218543735,755078.437094233,712831.897567954
0.505956837224332,754516.197305786,715691.450510617
0.584298651358138,746203.087876706,718113.352731165
0.562150896410923,747986.5117369,721030.744517218
0.411900477284456,750493.874697803,715699.970880818
0.600217860105838,751102.722647433,719501.471470293
0.47538695916607,756315.389922442,720812.192345183
0.482843448083678,750474.626673412,717478.312653225
0.516598239102512,751718.575547858,713415.336151492
0.396031348296813,756301.260139333,719102.679557722
0.403991919180046,753160.351070125,713068.622391369
0.567344567912521,749939.460809185,718131.677242514
0.158769385515866,753980.326219826,714570.855166536
0.620868533501226,746330.920780509,713518.463544246
0.516831165334842,746266.73300176,716678.646183979
0.449698817741853,756020.590927187,718501.666603606
0.512249897882793,749333.28499568,717583.068027493
0.520563629602028,750539.934510208,717658.063247349
0.569901195269336,755615.406918932,713274.207952987
0.542033444864344,751159.626174093,713870.576452311
0.564144271696579,751969.956169265,713929.231933799
0.469903955548652,750230.573453671,714348.142252635
0.570296011107164,749088.360601052,719482.745385986
0.507773210186029,748101.411663553,713467.733905908
0.614185202735887,746963.639765669,719191.385447528
0.45903768242235,754743.342395635,718742.389357459
0.494840432086474,746128.940774378,717916.570543643
0.51092683413289,750142.909079854,720484.341920685
0.55352117394818,746266.376960537,719078.565216582
0.676382727474126,748566.551965807,713009.973916482
0.552161073396553,753837.511958164,715975.511886772
0.574421214508464,754732.81015724,715725.190450322
0.602704634797907,753658.380533677,717790.469455343
0.559184380360627,752518.016486325,719292.301611077
0.482333742126191,754378.546172782,714261.259010356
0.535228727955344,752932.79935127,715875.506305691
0.472677983984176,746305.510100281,716457.963025715
0.621144509787179,754666.830348422,719892.977966737
0.633096266343228,747033.702486736,714769.632114913
0.587450048923186,748309.631493912,713255.868625786
0.519763408904552,745993.668701552,717064.372039881
0.508703818123747,751372.105395115,718165.898195501
0.625554569963459,745657.719543405,715715.164230313
0.593631592150232,750456.575968602,718306.201421615
0.461396418562113,751828.613621126,714220.316953208
0.469545916020016,751044.754347623,717722.933674004
0.538412472302439,748040.623009062,720748.165786412
0.492926840843009,752009.61489874,716169.835793521
0.605957178769267,749785.554572843,718211.20908029
0.504024734096697,747444.611193539,714631.386011016
0.514652172861661,754374.963131904,719172.576307949
0.514440415319485,747406.392213261,717727.398622628
0.582041422868702,755668.540395716,714914.621998366
0.451959328790366,752593.788034218,713241.343353536
0.54270867711635,754496.363161435,713364.635360312
0.517646765467078,755593.125072672,719345.509423461
0.528773975617924,750586.271574743,719898.844706189
0.53930498170108,750484.377280142,719820.566770282
0.544289292839661,747559.466222172,718381.001800444
0.503839868897661,746217.421943013,716532.821225595
0.524897661329375,750973.306246783,719942.381341901
0.402667010365741,746546.977373938,716359.684451964
0.496929322849283,748872.099349188,716583.256824087
0.47747104760697,755037.95652154,720844.505973976
0.509453720097867,754363.909045501,713501.637429517
0.449912192533826,755135.2629788,716796.654169928
0.646930088978562,754429.505615077,715481.981910314
0.488424526528704,752398.264403896,713250.982826497
0.436902674460502,755176.014959508,720193.143061619
0.503996690664812,750792.372839135,713255.378473546
0.513409956998659,749577.27914356,715171.554348465
0.329397218789345,748765.862866981,717383.079584982
0.403249545772843,748173.901469792,714267.376647662
0.523919708230235,754771.825906398,719676.064594906
0.549137431778068,754690.003435427,720120.533771288
0.312068079622174,748679.246415252,719067.719672915
0.473422654989332,756311.210523759,719662.685969021
0.629541841574482,747131.56445687,718715.607843097
0.513106254399493,749429.338462582,714551.990732547
0.282131331577549,753735.67952708,719096.749658283
0.613782668157316,750169.980795233,718601.514615636
0.65120093562155,747375.009694447,719350.178683992
0.557195315393502,749899.494012917,720465.605240982
0.382264773193438,755473.818268644,718393.746846985
0.473878043648085,749370.529062719,716733.837972727
0.568794074120936,750533.879286543,720947.845666926
0.612680612990815,750989.444606219,719461.895901408
0.54868652799631,746332.120745376,718219.265984889
0.668221412533635,752904.243619389,715124.920417141
0.420574814911586,750261.261584718,715870.84779143
0.543813046526236,750901.596180057,720894.363693889
0.526225553631432,745762.755089387,714893.390713405
0.39904851269086,747237.912248698,716514.520984884
0.408342090647998,754193.0089443,719992.944964241
0.516376893263099,746775.2571747,719040.828384455
0.453577032184086,748573.571069151,713489.78780761
0.473827719102841,754610.534106678,718471.771933731
0.54423576452815,745577.128770096,713953.267782103
0.420477200070738,754830.280787275,718730.364817973
0.533401129374509,746240.56541558,718466.724950444
0.582460252953054,751206.910895301,714775.369718071
0.557827889423175,749067.663372027,719627.069515657
0.565193277643224,747943.900944608,720786.197048645
0.55059442983873,748697.991694118,719329.731049981
0.617337286350037,748556.74817125,719865.315730941
0.52304041265593,754048.623283853,718011.125228923
0.504537807957887,750664.211126723,719084.634727012
0.45450952120642,756307.142495905,719823.204549175
0.545478463520186,751242.654448723,720428.79349738
0.643909594102818,747621.926453042,720526.181343716
0.447164722587653,749033.161413473,716720.687541138
0.439009683570968,749231.505499604,715643.975270238
0.501587562269543,752376.329239228,717577.640517201
0.608987286607939,752931.150784095,717273.927195739
0.438291411597536,748283.532049147,713551.037105244
0.503682827140192,751389.813327716,712877.608852904
0.652794243671765,748959.772901671,719456.548344415
0.507580525399717,750247.229490931,715212.238863256
0.434383017950128,746920.865237048,714220.111715939
0.449991505533177,756574.978011652,720081.385289203
0.523623061937714,747272.599481112,712819.461660754
0.661008390985784,747981.733034403,719693.199470785
0.38459261381651,751160.303455318,717450.961960699
0.577626054819846,748871.34412781,720285.524884012
0.467049380808123,746828.152745998,713424.459049102
0.424357577804249,752233.660747768,717735.381351408
0.534400566525671,750824.274377044,720416.92478485
0.51682643082004,751603.771897399,717996.174861412
0.607551762965391,752117.476856419,718844.717506912
0.381799879707339,753539.079352879,713263.834983703
0.436172372331534,746302.119893887,716070.22192828
0.398894667723531,752073.376946001,714185.468055528
0.455074001951095,755166.053602731,717124.002478864
0.565186196995593,746036.813501123,713400.708196234
0.664539239247679,752197.837178415,716103.139124509
0.609052034983884,749340.356246302,720082.833985832
0.515962265424242,746562.948609268,714174.041328128
0.217477941397492,748227.467842161,719050.039239746
0.496004170448065,752377.07555605,716530.086686011
0.541662039757814,752577.023191579,716468.538005572
0.578364243724253,747696.716080614,720730.456938591
0.196542058612651,753030.854038793,714060.528371107
0.596314831667274,751160.933640326,719597.412736263
0.387167017110849,755217.051090317,718892.821166735
0.538200579932925,746900.273622559,716922.214901071
0.590331245077456,753934.142608534,718816.402096223
0.487538938733358,755599.763733753,717138.262819942
0.609599583244558,747515.847067336,714126.922937553
0.479459784825866,755062.568593962,713702.848725986
0.466556617914927,752798.599622863,717345.58069564
0.476946360838061,746291.957870555,713110.678705197
0.402100792651547,749050.601395027,716233.502163138
0.602131888298085,755776.755360787,713946.864922043
0.530237465513948,748813.64673836,712913.799201768
0.490187554111476,746417.117411395,717262.83448584
0.458218264868623,748249.528397146,713194.860061105
0.571470520212362,752135.206033812,715366.557821032
0.561312090149443,751368.760815925,719987.336219769
0.595612808610738,755061.710243659,719810.442427691
0.616626069659727,753267.043728569,716721.586345356
0.535107648752243,749901.623825343,716601.162896749
0.467451169081942,751414.325302382,712952.450189065
0.211851306255955,747838.699637082,717577.814660292
0.544265278486589,746498.061341127,718522.946486171
0.509960358155377,750462.257014596,719050.316089984
0.53291992201329,751747.711683324,715276.666484024
0.423814075555092,748688.635719459,716430.605743002
0.566611520984466,752365.622981418,714762.289748784
0.538839683639817,749020.539499688,714866.686016168
0.455952505660513,747824.981680409,718144.754431691
0.513409956998659,749540.021900652,715198.005220886
0.586331339992754,752813.582367235,715147.473439049
0.520267701540796,756386.990188478,718378.554628041
0.541123038683048,750593.266915748,718143.291581046
0.437024808698239,746179.692774565,715498.506853875
0.454407831374907,746869.326775019,715988.093003403
0.613995394459635,748808.861116603,720461.272904795
0.484227320275573,755658.502615701,717137.991859835
0.511670967346485,751433.927518424,714308.934597667
0.407330792282029,747410.971659667,716619.025503542
0.601328922515876,749155.369439715,719996.664199751
0.623828726167192,753882.060417664,718803.271869715
0.586709452035416,751009.595873611,719269.809210446
0.478348143928726,752331.981619265,720764.524917152
0.442501718296263,751846.315919851,717755.791190412
0.477960654940919,746416.753508827,717893.042924326
0.592715686789622,755759.10875413,714938.887338486
0.498635760807263,755120.553175326,718853.143077787
0.490496788027323,746455.103297735,718113.621691685
0.368571574342901,746979.397331556,714036.327552866
0.476717648854973,750898.569716556,717779.320276227
0.497891216504487,747773.297440194,718392.262827676
0.533541162595273,748312.176866514,712706.758759689
0.35752717954244,749865.430464066,714729.196381714
0.536553380934724,747199.837540336,720482.639636617
0.500174401708983,754087.989299312,719925.336926203
0.472298467290473,754578.497866724,720228.068009984
0.454989649958412,752845.750650641,720715.87016597
0.475822761853383,746845.283527066,717434.684704389
0.515686027922981,753014.354488606,718993.777167123
0.5532494840492,752483.295889766,715827.108891677
0.510339453271774,750906.456942329,715521.086578514
0.458143790746091,750996.856566578,712916.835119721
0.482851289521946,746744.685303207,716321.938559335
0.440149409058017,753770.835169518,713151.132736426
0.546786783476821,750866.614966869,719972.188480567
0.473267559945861,751950.710183395,718436.923699897
0.597213149814404,750667.789545002,717359.753392857
0.556155751203051,746019.032370724,715464.184181463
0.565743603937335,752479.51330006,715671.258544099
0.509598703406738,752888.420198104,712812.026458677
0.562226137401419,746365.876296627,718904.137045812
0.529945292602837,754344.407246566,715705.891753953
0.540197128007056,749840.356860963,716033.149453845
0.433790148130658,749245.734967975,717143.044077452
0.424569837933232,753543.060142157,715275.788204741
0.437689606066977,751881.690037957,717712.163424637
0.478672184580842,754949.704907375,717662.246632423
0.554052160388495,748748.686128714,715467.375387248
0.484805386710135,752315.890270885,720714.746341851
0.534623388770578,749282.880299819,716519.59325872
0.565446289712426,754346.13569927,718933.552565198
0.477239149381779,751532.624174988,713320.929872166
0.469594440251913,753887.825705662,712962.580363449
0.50742920833228,750528.338371554,713767.495953288
0.410473092314233,753959.274985437,721227.603435364
0.625554569963459,745671.711947246,715748.832780343
0.644812356694633,748650.467845908,719796.9255688
0.357993206549759,754517.410167091,716016.777229231
0.551697555626582,755030.348567789,714527.51898035
0.435683178451055,755736.406174217,718485.137775537
0.502446477525648,755622.115161166,717640.113887858
0.411663311925424,746856.304278598,717579.930438396
0.487037366541078,751396.648695405,715077.777373713
0.443292865387032,751159.974750498,716810.096535157
0.6531650575852,754091.298443902,715174.443379264
0.512262945938729,755128.10613958,715653.055305477
0.499270621750937,750857.948789314,721248.151829239
0.527722668775446,751779.865508136,719474.901648607
0.509238120718974,753761.920478718,716137.651809972
0.519963969008923,749399.17535442,715799.577445757
0.529162880743462,746728.265917982,713738.851238411
0.499107488665348,747335.268623104,713299.003185626
0.456104603543235,756166.551794674,718567.42782205
0.515554693672373,745933.485658046,716009.924860444
0.523754947667266,750777.632085275,715066.403737959
0.463594930406412,749982.951992288,717197.96367697
0.489083893972356,747903.888883066,715889.457865503
0.543233317284642,753417.271004446,714810.594723146
0.501770308651716,748951.192664,715583.060788732
0.420574814911586,750307.573205001,715921.747088876
0.452244822310626,753774.866072874,719197.325831722
0.513769194926881,750803.421243761,718071.133111041
0.577675782718773,752427.641087473,720364.743631553
0.502632419366318,749086.487014185,717897.327431362
0.531292960871317,752860.563447316,719953.998806547
0.67143549654439,748660.147333279,712973.729383644
0.448125595580236,756155.034037941,717643.642464574
0.511426850680198,756524.244573713,720605.995262038
0.472455398410824,745696.999076084,716987.894279283
0.225276816324343,748240.832038306,718375.649202239
0.585278705830951,747373.810426829,720600.871395241
0.483211812441331,746909.768312435,717314.506983679
0.456365070150666,753866.254031068,720332.693457376
0.597384627322992,752730.307077645,715189.576125588
0.568119169206868,754493.894922627,715568.50112721
0.495293357022539,755494.620241976,712957.966851961
0.530952410141028,755034.467393664,718901.239081245
0.610854109086553,751216.095884374,718788.604578521
0.539691016753347,747092.965106183,714212.61657856
0.601860825394243,749115.051855539,719026.37853324
0.517935058703516,751515.584081482,718485.771012899
0.479372294183027,753196.47888471,715860.64337283
0.455559159815715,750999.147384887,716775.373106521
0.519240787946891,750088.118229805,720108.167722892
0.422877383960657,746818.739490503,715418.429189246
0.507296019533692,754573.93083773,713167.777944874
0.604491264154443,751903.622458872,720059.182671752
0.646962625443411,753983.866992002,715662.27046169
0.483192845165535,747833.232148759,715787.577450495
0.559219299652077,749681.39196616,715307.654247951
0.47887291974502,755235.353363493,712700.01700386
0.457319569848337,750531.438613006,714879.575298499
0.464650704643237,751275.434615692,716571.205660325
0.452727807309523,752485.874836751,712972.693183269
0.573466472011353,750740.132604359,719435.207323577
0.474029359046119,751575.805306003,716616.651432734
0.55871578152743,749746.54002125,716765.332038473
0.406266062250507,750072.653423176,714681.767674979
0.561241397382166,755658.95718454,720985.69478571
0.551596021765466,749506.372403045,715402.108545523
0.514448182967886,751540.015329661,715530.335047763
0.388449989797265,748342.338910174,713892.140121307
0.619110444517643,754740.902299591,719114.632029604
0.498721640912236,749660.877094261,721238.003664609
0.461523374734155,755428.054608597,716755.500245091
0.525556809213043,754035.496570055,716067.742036279
0.517646765467078,755573.788274162,719359.050009843
0.621999610885053,753800.217194232,718285.528532337
0.549641954959692,751248.051711869,715957.418287467
0.558353244557136,751867.53036098,716362.742773738
0.211721804610773,747922.782763707,717126.149894293
0.372949701927109,749884.495120054,714301.162229847
0.524084339503043,755333.839474927,715733.331458267
0.512174296278292,752814.707582792,715718.942461681
0.423744808039466,746909.598085306,715518.104309436
0.546023066050723,749348.555179463,717756.160273101
0.529283243933861,751628.550045394,720381.132452335
0.477939122719975,751001.149744525,713389.880982783
0.594663178729579,753736.013958919,717860.69874249
0.498335499990184,745968.731586196,716384.570337903
0.431364669372613,755869.713477621,718892.776831832
0.524795806168207,754657.716859268,718499.790446009
0.474938821725137,752240.756511203,712719.501818713
0.434497138898165,752093.12169616,714059.764629524
0.488252537358169,746013.15124099,715590.228726115
0.395712221660891,751481.069889142,718252.833018672
0.325499043608943,751459.919360696,718155.569074299
0.478152608629027,750268.569295764,713830.498960983
0.395712221660891,751405.281234706,718200.968242656
0.488872079303325,750039.603242689,713879.915786084
0.522862450490774,755239.599463852,715556.009217497
0.409861745389674,754489.362601711,718257.465150055
0.506437184930223,749587.617528211,720255.727483775
0.536826195879212,751621.106408125,713366.849846389
0.489388706211641,756659.88193296,721244.951110329
0.506297847794321,753612.092939197,716155.185510885
0.569642157094639,750491.850252416,720424.541390087
0.453264435304455,754388.936302861,717662.199543562
0.630489560725577,753163.609025489,718737.418859374
0.443611117626431,745891.76061367,716721.894704174
0.610723764418429,747301.396588754,719528.372185376
0.584792378071829,749940.408433924,719158.353323337
0.463296220782778,751018.935572038,717456.766143661
0.557906683745371,755864.131243998,720284.946798231
0.509153456152594,745972.081849825,716274.496028494
0.544990649295872,746516.712225304,717190.557181235
0.47335130663617,747070.648416121,713795.360696536
0.42341280252996,747023.984073199,715515.743839439
0.47828224218043,753017.40847746,720844.873873811
0.586592277585026,753275.082520755,717298.604770597
0.484002745085842,754725.753761741,716032.911688086
0.578427816037905,749519.571521588,715777.242390882
0.594332856782793,752672.725561868,717848.223744776
0.471434746013012,755700.535008331,720034.540811848
0.396059481226398,753141.263388964,713776.532102223
0.523103333613189,747600.153071344,714782.771731835
0.591982594589589,748712.192338443,720500.695684325
0.396059331693414,754602.886739751,720578.023782294
0.508410748694102,749083.569454531,716652.520739283
0.457593765144179,750827.961483608,716528.036419522
0.54175249282072,750783.826756001,718714.489951354
0.556846348374773,746817.024647453,716460.929078829
0.489026136115324,755947.341338181,715379.761135053
0.679148959767956,753866.487638628,718881.519648876
0.436261866860199,753926.656899497,720806.170794662
0.617337286350037,748560.946959831,719829.13899697
0.588446046783315,753649.79682573,717966.007608023
0.22017927801845,748610.090561815,718148.8789577
0.579762043675743,750729.075053002,720881.691740897
0.601034213303628,752305.145249244,715230.446505394
0.522073448983284,747710.526885787,714615.132731643
0.514846668016479,750710.569068798,718363.849674609
0.507855552531207,753503.66960324,718855.704297047
0.380917744841688,747208.124345451,712783.818186816
0.195137140444671,747909.313605033,716687.966075089
0.437818119269173,752009.052088706,714165.349055823
0.607990128347328,749013.187899237,719163.690787848
0.50657486668428,751768.353419875,712626.437630277
0.479766183838655,752989.737458267,716557.101753723
0.38490794899723,756691.756483089,720333.91299009
0.426133632509082,748115.084610433,714704.309131872
0.464298904641057,749488.788229412,714311.463481557
0.623603649498504,755554.403248402,713115.543571185
0.540882077294479,755011.160387023,713835.262115594
0.165151944240164,754183.143286226,714686.143143099
0.519378885242436,748112.356292569,715695.498303991
0.519593632016996,746121.895138329,718878.437718298
0.490677113740118,751338.084796247,713108.226867761
0.251900564804712,751554.289251623,718198.093182813
0.542461611707075,753007.313352738,720275.294509005
0.584186370231038,747173.789029316,719575.809248533
0.492206911196244,752128.68300689,718345.150735598
0.514523108931927,750779.349424582,719667.977853414
0.508277504618522,752891.833775634,713451.75804406
0.27694062380384,748673.285966836,717881.078603785
0.489458523417658,755772.117193806,715363.460469093
0.567830274314602,749151.098805253,720656.966224756
0.249564096972184,747765.610367354,716235.043027844
0.22374889157328,748445.508416606,718754.710773226
0.610644525401896,753174.143808043,714370.51146343
0.583015739430397,750551.701200664,720790.34389801
0.466850307169334,756915.591989242,719155.613193359
0.572798717283176,754978.624334246,713213.667963516
0.461412140729458,752670.465457094,719877.347629067
0.559428768651067,750412.624822297,720709.756960344
0.451104531458108,747735.742307129,715535.173333731
0.493969939826696,755142.626041273,720253.941768255
0.59481082380272,749819.530438689,719566.353669163
0.444334794901423,755324.74486471,718019.775767397
0.544051899417209,750714.218864577,718397.76829369
0.348290561367734,748629.960798096,717623.742538314
0.246393605136975,751515.252105981,718084.719084423
0.434155834488244,748768.438436835,718838.509274643
0.470080579461075,754389.464497961,716453.219679888
0.551067545989035,751458.484103695,719666.640157994
0.519940306594745,748714.319069137,719535.864138301
0.423386728519831,748724.865457421,713601.530390006
0.488622945144602,752936.642955552,713173.535914045
0.518428642912416,754806.70689409,716728.606027659
0.585111300921396,753689.724892765,712673.409401249
0.552076498855324,753413.225243307,712839.792145934
0.525654513395137,752565.569722765,720753.997569304
0.519203971939619,752980.216068028,719585.663252618
0.456837472640596,750504.952621061,715930.326384526
0.373043013558189,751910.300288292,718542.299929779
0.212491373836581,755654.369054461,719744.225752052
0.504072633736509,749973.603839056,713307.030261379
0.383930990056496,746093.558696461,714932.6909247
0.506588024387455,750290.392740978,720343.002868365
0.52882631135867,754571.961456354,716424.319452416
0.611855973035867,750192.623864178,716613.64020988
