"X","Y","X1999.09.13_TPZ","X1999.09.13_NDVI","X2002.08.20_TPZ","X2002.08.20_NDVI","CLC06","CLC06_p_lato","odl_od_morza","InsCalk_1999.09","InsCalk_2002.08"
472920,5964330,20.516388,0.470199,20.005798,0.491803,411,5,14982.0195,48.86187,64.617729
473970,5965230,24.842316,0.328,28.538208,0.12,312,4,14946.1738,47.598824,63.504295
474210,5966610,26.928619,0.279279,29.283936,0.22449,112,2,14091.2207,48.451591,64.260681
472140,5966790,21.038147,0.492308,22.369965,0.441441,231,3,12572.04,48.3442,64.165825
472500,5967000,23.037872,0.432624,23.68689,0.405405,242,2,12646.2363,48.600159,64.387405
474180,5967780,29.788818,0.235294,27.802856,0.229358,211,3,13215.9785,48.310501,64.139992
458820,5967870,21.52063,0.373134,21.627563,0.415929,411,5,5992.34522,48.303917,64.130791
473970,5967900,27.480072,0.145038,27.267853,0.2,211,3,12983.1045,48.299492,64.128036
468570,5967930,21.83136,0.507246,24.753998,0.482143,231,3,9535.3291,49.045658,64.782822
473040,5967930,33.189758,-0.020134,31.824615,0.15873,211,3,12327.3359,49.604786,65.277084
470910,5968320,24.246155,0.36,24.436859,0.26,211,3,10609.1475,48.365028,64.135597
471540,5968350,25.193634,0.286822,27.190552,0.238095,243,3,11000.2275,52.064178,67.287186
472170,5968350,32.792755,-0.075862,32.840149,0.070866,211,3,11434.0938,48.933647,64.717957
466380,5968410,20.956024,0.53719,20.550079,0.465347,312,4,7973.00439,53.586979,68.467445
468660,5968440,20.619446,0.325301,20.878143,0.306667,312,4,9168.86621,46.942654,62.940056
472410,5968440,33.189758,-0.090909,32.840149,0.037594,211,3,11528.8252,49.539375,65.232338
473610,5968440,21.325348,0.460526,22.869873,0.5,231,3,12346.084,48.290775,64.120346
470250,5968530,30.392242,0.051852,29.266296,0.165049,211,3,10026.4648,48.920624,64.698021
453090,5968590,23.33252,0.42029,21.594543,0.412844,231,3,5962.08008,48.289997,64.11898
469590,5968620,25.981445,0.252336,26.158539,0.162791,211,3,9552.68066,47.448463,63.386116
471270,5968620,20.705658,0.411765,21.901459,0.362637,313,4,10618.8135,44.660049,60.882904
463470,5968710,19.93396,0.576642,19.108795,0.514019,311,4,6479.02783,53.457432,68.361267
468510,5968710,20.449432,0.341772,20.826569,0.333333,312,4,8862.39844,46.95937,62.956596
472080,5968950,28.934113,0.274074,28.751221,0.046512,211,3,10927.415,49.000183,64.76532
472530,5969100,27.121368,0.314685,26.597656,0.391304,211,3,11119.6855,48.135483,63.978561
474060,5969190,21.863739,0.410072,22.291077,0.441441,231,3,11999.7373,47.613968,63.5205
466080,5969220,21.805664,0.393258,21.091797,0.350649,312,4,7118.60254,47.46032,63.411423
472470,5969340,27.798218,0.228571,28.63147,0.196078,211,3,10904.9072,47.715904,63.610291
458640,5969370,19.232269,0.5625,20.843384,0.473684,411,5,4483.77051,48.278687,64.10997
462420,5969520,21.670868,0.543307,21.676575,0.489796,313,4,5341.76953,49.141727,64.409355
453540,5969550,23.431,0.323944,23.488495,0.321101,211,3,4905.80273,48.280418,64.112442
455640,5969730,23.567871,0.410959,21.339813,0.445378,411,5,4148.36133,48.275211,64.107361
472920,5969730,20.105255,0.533333,20.725616,0.5,412,5,10951.2734,48.280876,64.114349
464610,5969940,19.982544,0.5,19.040741,0.462366,311,4,5809.55225,43.101261,59.443226
456690,5969970,24.36499,0.419847,23.477661,0.410714,411,5,3782.9751,48.275925,64.109207
453690,5970000,19.303589,0.5,19.254425,0.450549,313,4,4431.58008,48.275867,64.109108
471570,5970090,33.189758,-0.044586,28.235046,0.122449,211,3,9740.76465,49.337883,65.053452
458250,5970210,19.63678,0.544304,19.520752,0.504,411,5,3594.62109,48.270157,64.103706
456120,5970240,24.737091,0.338583,24.631531,0.38,411,5,3564.82813,48.27322,64.107193
467100,5970270,20.108032,0.5625,19.619965,0.553398,313,4,6773.62549,48.395676,64.225861
467640,5970300,20.987671,0.425532,21.35907,0.351351,312,4,7068.04053,45.421032,61.570518
472260,5970330,21.880615,0.510204,24.737335,0.495798,231,3,10059.4434,47.751076,63.629299
456540,5970390,22.106903,0.354331,23.240936,0.433628,411,5,3373.36621,48.271656,64.106064
469080,5970600,22.648651,0.426471,22.98114,0.396226,231,3,7686.1499,47.869102,63.750496
462930,5970660,18.675323,0.508772,19.466919,0.484536,231,3,4471.61035,48.268543,64.103859
453300,5970750,21.608887,0.376344,22.672028,0.35,312,4,3855.43774,47.668068,63.572128
454590,5970750,20.295258,0.382979,21.70105,0.342105,312,4,3434.44312,48.263702,64.10083
455760,5970810,28.773895,-0.005464,32.332947,0.051852,211,3,3065.43628,48.583309,64.384262
455130,5970840,20.241791,0.384615,21.219055,0.358974,312,4,3194.40137,48.287312,64.121361
462690,5970960,21.247284,0.465649,20.610901,0.486239,231,3,4100.79248,48.265335,64.101463
454380,5971050,22.077423,0.376344,21.357117,0.358974,312,4,3216.16235,48.449482,64.267365
458400,5971080,21.184296,0.4,21.731018,0.474576,411,5,2759.51074,48.264515,64.100845
465030,5971200,20.230469,0.481481,19.181641,0.448276,313,4,4878.29883,49.784958,65.473755
457680,5971290,26.311035,0.186992,28.351593,0.244898,242,2,2460.73169,48.262421,64.099297
456930,5971380,21.637268,0.572327,21.101807,0.533333,211,3,2370,48.463295,64.277596
467280,5971380,20.295258,0.456522,20.641846,0.384615,312,4,5965.85303,47.322319,63.270981
461790,5971410,21.035309,0.471698,21.871704,0.473684,411,5,3349.94019,48.257729,64.094627
468600,5971410,20.23349,0.419355,21.123962,0.342466,313,4,6759.12695,48.291512,64.130127
470880,5971590,22.447205,0.48,23.320038,0.46087,231,3,8191.04395,48.549343,64.353439
454830,5971620,21.36731,0.406593,21.840424,0.350649,312,4,2533.0022,48.402504,64.227066
456240,5971620,20.568542,0.454545,21.099487,0.390244,312,4,2180.73389,48.268837,64.107841
457830,5971680,21.230865,0.328125,22.6763,0.372549,243,3,2080.625,48.261665,64.100029
457950,5971740,22.958191,0.434483,24.735443,0.388889,243,3,2036.90942,48.261047,64.099579
464490,5971740,20.051727,0.422222,19.386566,0.386667,312,4,4145.86523,44.419838,60.66127
473580,5971740,21.831848,0.47651,23.42276,0.433628,412,5,9464.51269,48.253918,64.09201
452070,5971770,27.959167,-0.107143,31.824615,-0.037975,123,1,3364.81787,49.089935,64.827095
453930,5971800,19.544586,0.48,19.809723,0.452381,312,4,2656.31323,48.267166,64.106575
458550,5971830,20.358826,0.404255,20.004242,0.390244,312,4,2041.98438,48.428314,64.24675
469020,5971920,18.799652,0.561404,19.041626,0.515152,313,4,6677.2749,48.738533,64.520065
464790,5971980,21.200806,0.454545,20.607544,0.421687,311,4,4082.31543,48.392193,64.213959
456570,5972010,21.639801,0.393258,21.70105,0.368421,312,4,1760.82373,47.96817,63.841923
468930,5972040,19.834381,0.417476,19.663483,0.39759,313,4,6527.67188,48.230782,64.070152
472770,5972040,22.422577,0.353846,23.092804,0.433962,412,5,8876.40137,48.254116,64.093422
453180,5972070,21.136444,0.340659,21.219055,0.342105,312,4,2686.1311,48.267696,64.108238
463140,5972070,20.729279,0.446809,20.641846,0.407407,311,4,3273.30103,44.000195,59.898106
463620,5972070,19.540161,0.553846,19.056702,0.510204,311,4,3461.45923,47.940491,63.863266
468810,5972160,20.742065,0.428571,20.259796,0.390244,313,4,6358.37256,47.557426,63.480038
465240,5972190,20.32782,0.559055,18.972778,0.535354,313,4,4143.91113,50.908329,66.421211
456990,5972220,28.773895,0.054945,31.824615,0.12,312,4,1530,48.165184,64.017815
473850,5972220,22.672729,0.490446,21.744171,0.391304,231,3,9150.78711,48.24902,64.088402
459270,5972250,19.307495,0.522124,18.60907,0.505376,313,4,1783.17139,48.260979,64.097458
461430,5972250,21.620636,0.426471,21.355072,0.44,411,5,2438.13452,48.285713,64.120674
463290,5972340,20.363678,0.55,19.366394,0.505155,311,4,3076.57275,51.741997,67.138397
458070,5972400,22.522644,0.356322,21.447876,0.36,312,4,1400.71411,48.260384,64.101173
471780,5972400,27.801056,0.175573,31.404572,0.188119,231,3,8196.64551,49.410088,65.110672
468030,5972610,26.236237,0.361702,25.583557,0.377358,231,3,5494.26074,48.267845,64.11116
472380,5972640,24.081055,0.276596,25.145813,0.321429,231,3,8178.34326,48.416214,64.238403
469080,5972700,19.557678,0.485149,19.702026,0.460674,311,4,6133.58789,48.531273,64.340302
471000,5972760,24.882538,0.411765,26.908539,0.365385,242,2,7488.29102,48.302032,64.140884
464010,5972850,21.196045,0.471698,21.13736,0.425287,311,4,2940.15308,49.416981,65.129761
472320,5972970,23.452484,0.406452,23.053558,0.40678,231,3,7848.14014,48.212082,64.058388
466830,5973000,20.794739,0.333333,19.607178,0.333333,312,4,4402.64697,44.283157,60.456612
453300,5973030,24.662048,0.2,26.679413,0.225,112,2,1749.28552,48.254669,64.097389
457620,5973030,21.895325,0.393258,21.309814,0.333333,312,4,720,48.731918,64.517868
461880,5973030,19.815796,0.465347,19.204956,0.431818,311,4,1879.49463,48.244564,64.08625
461220,5973060,20.411926,0.452632,19.809723,0.443038,312,4,1604.64954,48.24741,64.089622
454620,5973150,20.716339,0.377778,22.418335,0.36,312,4,1158.0155,48.417107,64.241997
458430,5973240,20.647003,0.41573,20.152679,0.376623,312,4,636.396118,48.252186,64.095657
461610,5973300,20.388824,0.413043,20.115326,0.384615,312,4,1527.64526,48.244934,64.087814
469410,5973300,20.568542,0.391304,21.091797,0.350649,312,4,5951.95752,48.425892,64.206436
464850,5973330,20.767517,0.428571,19.742523,0.410256,313,4,2978.92603,48.745251,64.377327
475590,5973360,29.584869,0.092105,25.421631,0.26087,211,3,8968.19336,46.822685,62.820412
468300,5973390,20.377991,0.418605,20.641846,0.342466,312,4,5097.52881,48.265598,64.10817
452160,5973450,26.47171,-0.04918,29.266296,-0.038961,123,1,1786.19702,47.506878,63.431694
456240,5973480,20.422028,0.386364,20.777863,0.315068,312,4,360,48.253117,64.09758
470460,5973480,20.182983,0.438202,21.091797,0.350649,312,4,6598.97705,48.252426,64.097298
468900,5973510,21.189484,0.425532,21.840424,0.36,312,4,5433.23096,48.265118,64.11174
456630,5973660,25.46756,0.346939,25.380554,0.298701,312,4,120,47.445038,63.378872
457110,5973660,24.662048,0.28,26.843628,0.298701,312,4,90,46.780277,62.782944
472260,5973720,27.548065,0.25,28.875916,0.283019,231,3,7125.23682,48.257919,64.100967
457830,5973750,26.730011,0.006061,27.717682,0.075472,331,4,30,46.17836,62.237022
462630,5973780,20.008545,0.541667,19.955292,0.530435,311,4,1493.08411,48.245155,64.091515
463650,5973780,19.974121,0.552,20.47821,0.524752,313,4,1955.76074,49.217999,64.787094
473730,5973840,24.406097,0.296296,29.780212,0.079646,211,3,7660.81592,48.277199,64.11982
460950,5973930,19.668945,0.531532,19.643555,0.466667,313,4,697.782227,48.241783,64.086777
460950,5973960,19.769623,0.522124,19.724396,0.472527,313,4,1570.35022,48.241478,64.086548
463920,5973960,20.064728,0.395349,19.663483,0.388889,312,4,1939.12353,47.393463,63.287155
461460,5973990,21.6203,0.52459,19.584381,0.510638,312,4,831.925476,48.241142,64.086311
477510,5974080,22.660248,0.412587,24.998199,0.333333,231,3,8996.39941,47.216103,63.17012
477510,5974170,30.392242,0.253968,29.982361,0.326923,231,3,8911.81836,46.10976,62.170803
476970,5974230,29.584869,-0.028986,30.561432,0.2,211,3,8680.58203,47.889786,63.775627
474600,5974290,26.524536,0.072165,28.751221,0,211,3,7672.78955,48.301826,64.14151
461280,5974320,20.999054,0.482143,22.42218,0.402299,313,4,456.946381,48.241024,64.087509
468150,5974320,20.952576,0.438202,22.273254,0.333333,312,4,4332.68945,48.287811,64.13662
470790,5974440,20.304382,0.472727,21.402771,0.413043,312,4,5941.21191,47.842007,63.734222
475080,5974440,23.845001,0.229508,26.324951,0.211538,211,3,7779.20313,47.516502,63.444023
477870,5974560,23.778687,0.515152,25.335175,0.444444,211,3,8673.94336,49.183285,64.919479
461640,5974620,21.682404,0.486239,21.898468,0.452381,312,4,335.410187,48.237946,64.085251
465870,5974620,20.097504,0.425532,20.023956,0.428571,312,4,2546.99829,47.801979,63.586502
468090,5974620,20.716339,0.422222,22.369843,0.36,312,4,4090.79443,47.416866,63.366302
477570,5974620,23.648346,0.416667,25.345062,0.412844,211,3,8512.02051,47.566463,63.491825
471480,5974650,21.863739,0.442857,22.457855,0.415929,231,3,5977.53272,48.230774,64.07756
476370,5974650,25.658142,0.328467,25.968109,0.219048,243,3,8092.27393,48.691429,64.485275
478170,5974650,21.936554,0.468531,22.48053,0.4,231,3,8697.41309,48.367821,64.185165
461160,5974680,22.569183,0.401869,23.250397,0.380952,313,4,84.852814,48.019737,63.89299
469740,5974740,20.377991,0.395349,20.601166,0.342105,312,4,5218.44824,48.246201,64.095291
463200,5974770,26.288849,0.353383,27.994232,0.372549,142,2,872.066528,48.199539,64.053497
466470,5974770,20.238007,0.576642,20.055786,0.551402,311,4,2853.94458,51.628479,67.023666
463380,5974800,24.163635,0.409836,26.249878,0.387755,142,2,941.54126,47.990387,63.869488
464640,5974800,21.300751,0.349398,21.091797,0.352113,312,4,1667.09326,46.519295,62.577377
469920,5974890,21.941559,0.477124,22.801605,0.491525,231,3,5243.13818,48.379608,64.210403
471300,5974890,21.511047,0.402985,21.957275,0.428571,231,3,5688.38281,48.228329,64.07576
465780,5974950,21.424683,0.44898,21.434692,0.439024,313,4,2248.59961,45.930248,61.972507
478200,5975010,31.596466,0.059524,29.266296,0.126214,211,3,8373.00977,49.657379,65.333084
477900,5975070,33.189758,-0.072464,27.717682,0.142857,211,3,8209.53711,48.922558,64.675438
469170,5975130,19.070709,0.438017,19.611816,0.463918,312,4,4536.35303,48.139038,64.000999
478320,5975130,32.407379,-0.006369,27.281616,0.204082,211,3,8307.83398,49.516155,65.187683
469500,5975160,19.372498,0.474747,20.337433,0.375,312,4,4752.51514,47.530708,63.454445
465450,5975280,22.417786,0.357143,22.591064,0.352113,312,4,1781.90906,43.896347,60.168018
474360,5975310,20.555237,0.5,22.393951,0.451327,231,3,6664.39063,47.499485,63.428581
467370,5975370,20.23349,0.422222,20.607544,0.376623,312,4,3054.70142,48.802391,64.596794
462750,5975430,23.402283,0.266667,24.945038,0.226667,112,2,84.852814,48.613556,64.419159
465390,5975490,22.86084,0.358491,22.369965,0.395349,312,4,1591.13171,46.516766,62.471603
475500,5975490,23.599426,0.362319,24.144836,0.314286,231,3,6994.11914,48.222115,64.071243
477060,5975490,30.794495,0.08,30.804626,0.092437,211,3,7517.61914,48.234367,64.084702
471210,5975550,20.494659,0.448819,21.79303,0.428571,231,3,5042.23145,48.802334,64.58448
477390,5975610,29.17984,0.138462,31.695313,0.145455,211,3,7521.32959,48.230553,64.081322
478440,5975610,26.730011,0.299145,30.292969,0.221053,211,3,7913.91797,48.257675,64.105339
476190,5975730,25.397034,0.305556,26.66803,0.291667,211,3,7010.82715,48.220482,64.070168
464880,5975760,21.456665,0.445545,20.490723,0.390244,312,4,1039.66345,51.900299,67.227264
465360,5975910,20.953888,0.381443,20.457275,0.384615,312,4,1272.79224,48.682426,64.50116
478530,5976270,25.176758,0.469388,25.060547,0.41573,313,4,7343.07861,47.84166,63.742355
464490,5976330,22.818817,0.049505,25.260101,0.12,313,4,361.247833,49.288689,64.964722
473040,5976450,32.394836,0,26.158539,0.085106,211,3,5031.15283,48.228561,64.082382
476460,5976480,31.596466,0,37.356903,-0.009709,313,4,6384.64551,47.630928,63.549583
472800,5976600,26.693207,0.215686,26.640533,0.222222,242,2,4789.95801,48.216988,64.069504
470610,5976630,19.872284,0.539683,20.644073,0.5,311,4,3816.72632,48.210602,64.062698
472200,5976780,20.450439,0.333333,21.997406,0.384615,512,6,4346.99902,48.20903,64.061592
472740,5976780,23.823914,0.40458,25.335175,0.372549,242,2,4602.53174,48.90897,64.664177
479400,5976780,18.980957,0.559055,18.991302,0.495146,313,4,7108.9873,48.208897,64.061584
469770,5976810,19.486023,0.44086,20.964386,0.384615,313,4,3368.15967,44.845222,61.031818
474360,5976870,27.054718,0.322314,28.302277,0.247312,243,3,5278.80664,48.525856,64.344154
466980,5976900,20.471313,0.413043,19.753052,0.402597,312,4,1721.54004,46.620461,62.678905
470040,5976900,19.524811,0.452632,20.365509,0.382716,312,4,3376.1665,48.349987,64.198814
472440,5976900,20.801575,0.496599,22.391235,0.431193,243,3,4353.61914,48.022194,63.896141
467700,5976960,19.819946,0.416667,20.594299,0.410256,313,4,2207.80444,48.196156,63.876732
478050,5976990,26.249817,0.38843,25.636993,0.386139,242,2,6495.53711,48.851246,64.629074
479670,5977110,21.046478,0.431373,21.93512,0.364706,313,4,6878.11768,48.210918,64.06517
473760,5977170,23.980408,0.392,25.128906,0.381443,243,3,4755.54395,47.794304,63.69099
468480,5977290,19.101013,0.536,20.005798,0.494949,311,4,2566.88525,48.232185,64.137955
476550,5977290,31.996063,0.132948,31.315216,-0.029126,211,3,5654.42285,48.213425,64.068733
474390,5977320,24.453857,0.589189,32.332947,0.009009,211,3,4874.51514,48.21323,64.065369
465600,5977350,19.641663,0.535714,20.131165,0.472527,311,4,424.264069,42.183842,58.603523
466200,5977590,20.223663,0.572519,21.117737,0.533981,311,4,680.147034,52.514748,67.807076
474990,5977800,27.602081,0.089744,30.25116,0.037736,211,3,4667.67627,48.217953,64.075912
465510,5977860,16.006989,-0.162162,17.161499,-0.138889,331,4,0,41.231842,56.188766
469170,5977890,19.222198,0.450549,19.354553,0.410256,313,4,2168.31738,47.866348,63.773197
476190,5977980,25.800385,0.47651,28.596619,0.4,211,3,4880.69678,47.960106,63.842163
466440,5978010,19.232269,0.518519,20.109314,0.454545,311,4,573.14917,48.629208,64.408142
466980,5978010,19.284454,0.591241,20.421448,0.519231,311,4,979.489685,51.701599,67.074699
478890,5978010,27.347046,0.319149,25.118134,0.363636,243,3,5785.95703,48.19635,64.052368
473700,5978130,20.200226,0.564516,21.101807,0.519231,313,4,3860.80298,51.524395,66.670624
472740,5978160,28.066589,0.300813,29.398346,0.252747,243,3,3386.14819,51.023548,66.532921
468720,5978310,18.820618,0.569231,19.565948,0.510204,313,4,1644.53638,50.490482,66.064713
470130,5978310,19.21875,0.560976,20.126221,0.52,311,4,2078.67749,49.972008,65.637375
471660,5978370,20.295258,0.472527,21.500397,0.432099,312,4,2690.81763,47.97459,63.857819
466500,5978400,19.52533,0.551724,20.614105,0.489362,311,4,361.247833,39.689735,56.467892
469740,5978460,18.787415,0.526316,19.004578,0.465116,313,4,1802.49829,48.380707,64.164864
479160,5978460,26.414337,0.394366,25.708466,0.262136,243,3,5435.96338,48.659309,64.460281
476370,5978520,27.550385,0.113772,31.315216,-0.00813,211,3,4440.10156,48.196793,64.051788
478650,5978580,24.953674,0.474286,28.751221,0.148515,211,3,5170.5415,48.200233,64.059082
477630,5978610,28.059937,0.24812,37.356903,-0.02381,211,3,4837.35449,48.652527,64.455978
477750,5978820,29.17984,0.115789,32.153137,0.1875,211,3,4687.87793,48.223255,64.078148
475920,5978880,28.924744,0.14094,27.752014,0.191919,211,3,3944.17285,48.144508,64.010925
478920,5978940,30.392242,0.130435,30.292969,0,211,3,4904.70166,48.199799,64.060043
473790,5979060,19.39035,0.5,19.619354,0.452381,313,4,3037.12036,47.328445,63.288246
477420,5979150,30.794495,0.030303,27.898865,0.245283,242,2,4258.41504,47.562172,63.493431
472710,5979330,19.028931,0.474747,19.896515,0.414634,312,4,2361.44019,48.551403,64.381294
469230,5979480,19.092529,0.463918,20.800323,0.384615,311,4,674.166138,43.83857,60.090065
469440,5979630,19.55307,0.5,20.425323,0.414634,311,4,597.745789,47.785603,63.552246
478170,5979630,24.279083,0.375,23.387634,0.396226,231,3,4026.04028,48.134884,63.999512
470430,5979990,19.819946,0.409091,20.777863,0.333333,312,4,685.419556,46.671928,62.705513
478410,5980140,27.140656,0.025974,29.266296,0.128713,211,3,3606.24463,48.174622,64.036407
471060,5980170,19.92511,0.391304,20.601166,0.368421,312,4,823.77179,47.271301,63.245148
472350,5980200,19.092529,0.559322,20.021729,0.515152,311,4,1422.39233,43.406658,59.743271
476610,5980200,19.16629,-0.12,18.197174,-0.12,512,6,2978.47266,48.167572,64.028633
474240,5980230,25.593384,0.415385,24.664368,0.396226,211,3,2125.13525,49.199551,64.941216
479010,5980380,25.006775,0.445545,24.829468,0.363636,211,3,3567.09961,47.438606,63.381779
478470,5980410,29.17984,0.100917,28.751221,0.019231,211,3,3368.15967,48.000175,63.87928
472020,5980650,20.50058,0.367089,21.894745,0.323529,312,4,872.066528,39.673492,56.426529
477030,5980890,19.16629,-0.142857,18.197174,-0.142857,512,6,2496.49756,48.16053,64.023468
479040,5981310,30.794495,0.033113,30.804626,0.030303,211,3,2704.16357,48.166409,64.031609
473520,5981370,19.5867,0.540984,20.560974,0.510204,311,4,807.774719,50.370098,65.866257
476250,5981730,19.16629,0.096774,19.275238,0.017544,512,6,1426.18372,48.151962,64.017166
479940,5981850,29.17984,0.057971,27.199127,0.153153,211,3,2568.46265,48.186188,64.056252
475830,5981910,18.991394,0.587786,18.917297,0.537037,311,4,1101.45361,48.156433,64.022919
479310,5982090,25.752045,0.333333,25.688416,0.235294,211,3,2080.625,48.126877,63.994122
474390,5982300,19.266663,0.518519,20.206543,0.462366,313,4,212.132034,39.480221,56.15403
475800,5982330,19.185181,0.53719,18.942169,0.524752,311,4,702.281982,48.154224,64.018669
475680,5982420,18.592407,0.566667,20.072571,0.505155,311,4,577.061523,48.074047,63.948147
476430,5982690,20.308105,0.397849,21.840424,0.333333,312,4,603.738342,49.146439,64.900955
478710,5983380,23.002777,0.369565,21.748596,0.350649,312,4,657.951355,48.141537,64.012108
478530,5983770,21.427002,0.354839,23.112122,0.297297,312,4,228.47319,48.068211,63.948345
481140,5983860,23.159668,0.410072,23.672424,0.392157,411,5,1328.49536,48.133389,64.00486
479670,5983980,20.888885,0.528455,20.180664,0.474747,312,4,550.726807,48.135403,64.007614
479130,5984220,21.856903,0.353535,23.9505,0.333333,312,4,94.868332,49.700535,65.381973
482130,5984310,23.80304,0.402985,24.526428,0.431193,411,5,1449.03418,48.610683,64.426155
479640,5984520,22.951202,0.319149,25.99118,0.263158,312,4,67.082039,48.759151,64.560318
483570,5984640,21.104584,0.463087,21.238708,0.474576,411,5,2015.36597,48.122181,63.995369
481710,5984760,20.830109,0.454545,20.284668,0.44186,312,4,859.069275,48.127426,64.001762
482430,5984970,21.583893,0.380952,21.172089,0.342105,312,4,1015.13544,47.914356,63.812248
481620,5985030,21.608887,0.376344,22.369843,0.341772,312,4,577.061523,48.851624,64.641365
481620,5985330,18.115326,-0.227273,18.212067,-0.190476,512,6,308.868896,48.115135,63.990173
464520,5968950,20.208618,0.475728,18.243378,0.431818,313,4,6679.49853,46.674255,62.358578
471180,5969820,20.481262,0.377358,20.363312,0.41573,313,4,9680.52148,42.108788,58.452393
455730,5972700,21.274628,0.363636,21.172089,0.333333,312,4,1243.10095,48.261097,64.103439
455730,5972850,20.994995,0.348315,21.791351,0.351351,312,4,1100.22729,48.417484,64.242279
463680,5973840,20.309235,0.490196,20.284668,0.454545,312,4,1918.59326,43.924152,60.099621
460140,5974110,20.371826,0.495327,20.731415,0.435294,312,4,256.320099,49.125694,64.865021
454950,5974200,27.140656,0.034483,30.292969,0.111111,312,4,60,46.80386,62.800541
454440,5974380,25.492157,0.130435,28.751221,0.180723,312,4,67.082039,46.484791,62.513515
462780,5974860,22.319397,0.417476,22.561615,0.382716,312,4,590.931458,48.235435,64.083435
464880,5976390,20.881195,0.425287,20.826569,0.350649,312,4,593.969727,39.511894,56.225971
469920,5978220,19.068512,0.58209,20.057007,0.524752,311,4,2087.10327,52.659637,67.913696
476760,5982870,20.567352,0.425743,21.02887,0.390244,312,4,540.832703,47.416397,63.3661
472740,5962620,-999,-999,21.684509,0.487179,411,5,16275.8506,48.346813,64.160172
472830,5962890,-999,-999,19.397827,0.546875,411,5,16108.6309,48.344063,64.158165
472980,5964270,-999,-999,21.146667,0.457627,411,5,15066.0049,48.368385,64.18335
473070,5964390,-999,-999,21.260712,0.465517,411,5,15024.5801,48.335098,64.153824
474660,5965290,-999,-999,23.296295,0.433962,112,2,15365.4482,46.838936,62.787415
474120,5965470,-999,-999,31.315216,0.037037,112,2,14866.748,48.995293,64.738052
472860,5965560,-999,-999,29.69812,0.211538,211,3,13977.875,47.58757,63.493176
473190,5965680,-999,-999,35.360077,0.017857,211,3,14096.9355,48.335052,64.159264
473400,5965830,-999,-999,34.858215,0.024793,211,3,14119.3271,47.643154,63.545898
473100,5966070,-999,-999,28.012848,0.294118,211,3,13741.5068,49.040283,64.77861
473580,5966070,-999,-999,32.489227,0.102804,211,3,14059.5381,48.844635,64.607407
474780,5966070,-999,-999,30.886841,0.266055,112,2,14873.4658,49.043224,64.774979
472500,5966100,-999,-999,28.751221,0.08,211,3,13332.4941,47.325806,63.254307
473550,5966310,-999,-999,33.346283,0.018519,211,3,13862.3701,48.746132,64.522758
474660,5966310,-999,-999,31.824615,-0.073171,112,2,14614.6504,47.760605,63.646099
474330,5966610,-999,-999,28.184235,0.45614,112,2,14170.96,48.54792,64.34774
473580,5967060,-999,-999,25.218475,0.311828,231,3,13337.9941,48.265839,64.09375
474120,5967120,-999,-999,31.741272,0.148936,211,3,13652.1094,48.318871,64.146065
473160,5967150,-999,-999,23.410187,0.45283,231,3,12984.2139,48.459084,64.263626
472680,5967180,-999,-999,22.309906,0.433628,231,3,12632.9922,48.306839,64.133209
473790,5967180,-999,-999,23.68689,0.352941,211,3,13386.1201,47.812607,63.692688
473520,5967390,-999,-999,22.188599,0.436364,231,3,13049.8271,48.301468,64.128189
473880,5967390,-999,-999,27.868256,0.2,211,3,13290.9141,48.304581,64.131729
473370,5967450,-999,-999,24.261871,0.403846,231,3,12905.7549,48.300926,64.1278
471990,5967510,-999,-999,31.213776,0.166667,242,2,11926.4619,47.376858,63.308701
472800,5967720,-999,-999,22.897949,0.341463,243,3,12325.0352,48.757721,64.529961
470580,5967750,-999,-999,28.150696,0.308411,243,3,10843.1221,48.428398,64.19445
472860,5967780,-999,-999,23.379547,0.341176,243,3,12322.3701,48.820114,64.58757
458640,5967870,-999,-999,20.132507,0.436364,411,5,5965.24951,48.293968,64.121185
473010,5967930,-999,-999,32.897003,0.170732,211,3,12307.498,49.709854,65.368401
458190,5968050,-999,-999,21.001984,0.401869,411,5,5728.4292,48.824329,64.587982
471690,5968200,-999,-999,24.998199,0.309735,243,3,11212.1367,54.551609,69.442581
474120,5968200,-999,-999,26.158539,0.051282,211,3,12876.8516,48.275795,64.1008
468630,5968260,-999,-999,20.82785,0.386364,312,4,9297.58008,50.530945,66.092987
469020,5968260,-999,-999,21.177185,0.341772,312,4,9528.15332,49.371841,65.09256
458730,5968350,-999,-999,21.957275,0.407407,411,5,5504.08008,48.292309,64.121262
469290,5968350,-999,-999,24.173462,0.333333,312,4,9601.875,47.671665,63.59214
471720,5968380,-999,-999,28.751221,0.163636,243,3,11100.3652,46.219643,62.222591
466740,5968440,-999,-999,21.355316,0.325,312,4,8123.854,53.271214,68.12722
473310,5968440,-999,-999,38.84375,-0.008264,211,3,12135.8066,48.682686,64.465363
466560,5968500,-999,-999,21.886505,0.308642,312,4,7981.63525,52.781185,67.82412
472590,5968590,-999,-999,26.749725,0.321429,211,3,11535.1855,48.200024,64.044296
462360,5968620,-999,-999,19.236328,0.411765,211,3,6173.00586,52.530514,67.305534
469230,5968620,-999,-999,29.441711,0.254902,211,3,9344.65039,46.256538,62.316044
470370,5968620,-999,-999,28.751221,0.171717,211,3,10032.9707,47.072216,63.05526
468600,5968650,-999,-999,20.562531,0.342466,312,4,8964.12891,48.3755,64.210899
470040,5968680,-999,-999,26.953491,0.309524,211,3,9778.06738,46.22681,62.290848
458130,5968770,-999,-999,22.61319,0.401869,411,5,5006.04639,47.83744,63.717537
453390,5968800,-999,-999,20.863953,0.452991,231,3,5663.64746,48.288067,64.118057
462840,5968800,-999,-999,25.820862,0.333333,211,3,6162.28027,47.192242,63.181293
463680,5968800,-999,-999,19.223724,0.514563,313,4,6476.10986,47.804649,62.926941
467070,5968800,-999,-999,19.837433,0.404762,312,4,7981.86084,49.050884,64.82074
471600,5968800,-999,-999,29.780212,0.128713,211,3,10713.6973,46.527187,62.575844
473520,5968920,-999,-999,22.924347,0.470085,231,3,11944.5596,47.743279,63.635284
472620,5968950,-999,-999,27.043182,0.333333,211,3,11290.5273,47.186298,63.138702
473790,5968950,-999,-999,22.645905,0.5,231,3,12119.4434,48.282341,64.112869
458940,5968980,-999,-999,20.51886,0.403846,411,5,4917.52978,48.293285,64.121109
471510,5969100,-999,-999,31.824615,0.08,211,3,10436.8965,46.344048,62.412155
463440,5969130,-999,-999,18.419159,0.537037,311,4,6078.46191,54.307251,69.204117
463110,5969160,-999,-999,20.162415,0.382716,313,4,5930.97803,49.123169,64.845901
468780,5969160,-999,-999,27.903656,0.274725,312,4,8645.10254,46.9366,62.917656
472470,5969160,-999,-999,27.671326,0.339286,211,3,11034.8633,48.058716,63.892426
473580,5969160,-999,-999,24.561371,0.446429,231,3,11822.627,48.230686,64.067482
458460,5969190,-999,-999,23.67984,0.436364,411,5,4633.03369,48.28054,64.111313
465030,5969190,-999,-999,19.010468,0.350649,312,4,6667.96826,48.641075,64.464439
468690,5969190,-999,-999,24.428589,0.309524,312,4,8570.13379,46.458809,62.476898
462090,5969220,-999,-999,23.139923,0.266667,211,3,5516.16699,45.249252,61.322903
474420,5969220,-999,-999,23.640076,0.39823,211,3,12109.0791,48.282806,64.11451
466020,5969280,-999,-999,19.970642,0.4,312,4,7036.9668,48.680573,64.497093
473250,5969280,-999,-999,21.589661,0.530435,412,5,11500.374,48.839394,64.603149
470340,5969310,-999,-999,22.168579,0.270588,211,3,9485.41016,46.647724,62.643604
472980,5969310,-999,-999,21.243073,0.45614,412,5,11285.7432,48.330269,64.150826
465330,5969340,-999,-999,19.995697,0.376623,312,4,6667.96826,48.515911,64.356628
466380,5969400,-999,-999,19.665344,0.384615,312,4,7111.07568,47.374931,63.335861
469530,5969430,-999,-999,21.594543,0.491228,231,3,8873.91699,48.171951,64.017601
472530,5969430,-999,-999,26.241913,0.326087,211,3,10882.5596,46.84967,62.822353
459210,5969460,-999,-999,21.445892,0.388889,411,5,4494.99707,48.277737,64.109276
463260,5969460,-999,-999,18.512054,0.494949,311,4,5704.73486,39.476398,56.085827
457290,5969490,-999,-999,21.913147,0.438596,411,5,4260,48.553577,64.350342
453090,5969520,-999,-999,22.82785,0.32,211,3,5084.97803,48.280758,64.112679
453300,5969520,-999,-999,22.311676,0.440678,211,3,5018.61523,48.280746,64.112671
457230,5969550,-999,-999,21.783203,0.425926,411,5,4200,48.566643,64.364906
457380,5969550,-999,-999,24.293945,0.396226,411,5,4200,48.280167,64.11232
472980,5969550,-999,-999,24.474976,0.294118,211,3,11118.6328,48.282711,64.1157
468300,5969580,-999,-999,21.361206,0.277778,312,4,8030.25537,52.534061,67.729942
470130,5969580,-999,-999,27.199127,0.102041,231,3,9143.85059,47.54903,63.461609
455280,5969610,-999,-999,22.373901,0.474576,231,3,4337.56836,48.946457,64.696472
474090,5969640,-999,-999,27.119812,0.433333,231,3,11593.8652,48.275307,64.107712
467160,5969670,-999,-999,20.688232,0.376623,312,4,7305.47754,47.706299,63.621445
470100,5969670,-999,-999,26.854553,0.134021,231,3,9056.32422,48.280506,64.113571
455220,5969700,-999,-999,25.857147,0.314286,231,3,4263.80127,48.278767,64.111267
459240,5969700,-999,-999,20.274597,0.446429,411,5,4266.01709,48.213875,64.053139
453810,5969730,-999,-999,21.947083,0.387755,231,3,4648.54834,48.278568,64.111084
473460,5969730,-999,-999,24.996765,0.4,231,3,11280.9971,48.277634,64.110695
452880,5969760,-999,-999,21.773804,0.33945,211,3,4930.32471,48.270042,64.100861
453450,5969790,-999,-999,20.767731,0.451327,231,3,4712.96094,48.277981,64.110641
454290,5969820,-999,-999,20.754364,0.462963,231,3,4411.63232,48.277615,64.110397
473820,5969820,-999,-999,26.790192,0.401869,231,3,11325.626,48.273476,64.106369
472950,5969850,-999,-999,20.776489,0.443299,412,5,10891.4873,47.995014,63.861038
463770,5969940,-999,-999,18.684906,0.458333,311,4,5475.22607,42.001396,58.644474
468360,5970030,-999,-999,22.027069,0.382716,312,4,7690.12988,46.79258,62.738979
464520,5970060,-999,-999,20.24469,0.317647,211,3,5662.29639,42.998878,59.54454
473850,5970060,-999,-999,25.432922,0.464286,231,3,11114.1396,48.271034,64.104568
470220,5970090,-999,-999,29.266296,0.09434,211,3,8827.24219,48.277287,64.111687
455520,5970180,-999,-999,21.89212,0.426087,231,3,3730.14746,48.325352,64.153992
469590,5970180,-999,-999,25.77713,0.45614,231,3,8336.76172,48.273163,64.107361
473400,5970210,-999,-999,23.016235,0.420561,231,3,10811.2021,48.269516,64.103455
453750,5970330,-999,-999,19.979523,0.35,313,4,4101.12158,48.275818,64.110344
465840,5970330,-999,-999,19.229218,0.435294,313,4,6035.66895,48.773376,64.559845
469860,5970360,-999,-999,25.868591,0.385965,231,3,8383.75195,47.557732,63.469749
463440,5970390,-999,-999,21.794556,0.475728,231,3,4928.49853,47.282585,63.228798
473790,5970390,-999,-999,21.594543,0.474576,231,3,10786.1582,48.26767,64.102104
454350,5970420,-999,-999,19.665344,0.376623,312,4,3823.20557,48.268269,64.102257
455220,5970420,-999,-999,22.765411,0.373494,312,4,3568.86548,48.383797,64.205193
470280,5970420,-999,-999,20.595795,0.458333,311,4,8633.79981,48.828362,64.593399
472380,5970420,-999,-999,20.142334,0.490196,231,3,10086.1143,48.273155,64.107925
473580,5970420,-999,-999,22.843231,0.483333,231,3,10679.4102,48.267368,64.101875
472560,5970480,-999,-999,20.882538,0.111111,231,3,10179.7295,47.905655,63.778938
474540,5970510,-999,-999,25.716614,0.435897,231,3,10988.0713,48.298866,64.130676
468120,5970540,-999,-999,21.130951,0.333333,313,4,7135.33447,47.628101,63.543011
455100,5970570,-999,-999,22.154419,0.390244,211,3,3463.0188,48.58469,64.382393
463350,5970570,-999,-999,27.199127,0.431193,211,3,4727.45166,48.34185,64.169357
472620,5970570,-999,-999,19.934357,0.509091,231,3,10165.5303,48.265865,64.100761
475110,5970570,-999,-999,31.315216,0.084112,211,3,11200.8926,48.274693,64.110786
465270,5970750,-999,-999,19.907715,0.421687,312,4,5388.07031,49.098099,64.85775
472500,5970750,-999,-999,19.384064,0.563636,311,4,9955.52637,48.200474,64.042511
473460,5970750,-999,-999,23.615417,0.472727,231,3,10328.4121,48.264008,64.099411
474150,5970750,-999,-999,22.843231,0.443478,231,3,10602.3584,48.263992,64.099403
475350,5970750,-999,-999,27.574249,0.111111,211,3,11149.4307,48.283371,64.121361
457320,5970810,-999,-999,18.197174,0.142857,411,5,2940,48.264099,64.099236
466620,5970810,-999,-999,19.809723,0.450549,313,4,6057.32617,47.909401,63.802505
472230,5970870,-999,-999,19.532166,0.480769,311,4,9674.38379,48.255478,64.092819
469740,5970930,-999,-999,20.939972,0.294118,313,4,7891.31152,48.27198,64.109062
454860,5970960,-999,-999,21.793274,0.350649,312,4,3149.85718,48.277382,64.114044
457800,5970960,-999,-999,18.197174,0.052632,411,5,2795.80054,48.262661,64.098167
469740,5970960,-999,-999,20.932892,0.304348,313,4,7870.12695,48.271675,64.108849
457530,5970990,-999,-999,21.790375,0.462185,231,3,2760,48.26548,64.10154
467160,5970990,-999,-999,21.263214,0.351351,312,4,6228.23389,48.229012,64.081306
456330,5971020,-999,-999,25.483459,0.37037,211,3,2767.97754,48.875065,64.638588
471810,5971080,-999,-999,25.443909,0.333333,231,3,9220.59668,48.978676,64.729721
462720,5971110,-999,-999,21.179169,0.47541,231,3,3975.08496,48.234657,64.072289
453600,5971140,-999,-999,21.264984,0.358974,312,4,3386.81274,48.331123,64.162918
454680,5971170,-999,-999,22.369843,0.367089,312,4,3007.34106,48.276756,64.114922
470610,5971170,-999,-999,20.03949,0.382716,313,4,8296.55957,48.29987,64.133957
474570,5971170,-999,-999,36.360565,0.016393,211,3,10415.3154,48.290611,64.124619
474840,5971200,-999,-999,32.840149,-0.008,211,3,10518.498,48.17778,64.031708
467820,5971260,-999,-999,23.003143,0.342466,312,4,6378.22852,47.087635,63.053814
475590,5971260,-999,-999,25.5961,0.471074,242,2,10813.5332,47.927925,63.804092
466830,5971320,-999,-999,23.29541,0.315789,312,4,5766.0127,49.134815,64.882912
470280,5971410,-999,-999,19.674744,0.458333,313,4,7895.4165,47.578308,63.49284
456720,5971440,-999,-999,30.376343,0.277108,211,3,2313.11475,48.842281,64.611664
457500,5971440,-999,-999,20.956421,0.375,243,3,2310,48.264133,64.101837
456360,5971470,-999,-999,24.809845,0.410526,211,3,2317.00244,48.659313,64.451027
472320,5971470,-999,-999,21.152374,0.522124,243,3,9250.75684,48.259933,64.097687
458850,5971560,-999,-999,20.217377,0.528455,231,3,2365.62891,48.330933,64.159538
464370,5971590,-999,-999,19.619965,0.489362,311,4,4226.16846,45.329037,61.488728
467640,5971590,-999,-999,25.520233,0.289474,312,4,6006.97119,48.299458,64.139145
457800,5971620,-999,-999,24.069946,0.45614,242,2,2137.59204,48.262276,64.100479
454170,5971680,-999,-999,19.96109,0.4,312,4,2690.81763,48.268372,64.10746
473070,5971680,-999,-999,20.107758,0.510204,311,4,9320.15527,48.257774,64.096107
467190,5971740,-999,-999,21.61145,0.342466,312,4,5618.33594,49.047585,64.797638
467070,5971770,-999,-999,20.680908,0.386667,312,4,5525.21484,49.032219,64.790665
467220,5971770,-999,-999,21.123962,0.368421,312,4,5611.2832,49.589153,65.271484
472260,5971770,-999,-999,20.754364,0.45098,243,3,8947.89941,48.256874,64.095444
472740,5971770,-999,-999,20.882538,0.282051,311,4,9119.45703,48.256863,64.095444
460770,5971860,-999,-999,19.169128,0.414141,411,5,2589.92285,48.702744,64.487656
469920,5971890,-999,-999,21.056519,0.514019,313,4,7299.31494,48.258961,64.098228
470700,5971950,-999,-999,26.436157,0.287129,231,3,7813.83398,48.983845,64.737061
453300,5971980,-999,-999,28.324005,0.238095,123,1,2724.05957,48.952675,64.710747
467700,5971980,-999,-999,22.469574,0.324324,312,4,5743.25684,47.560829,63.4841
469650,5972040,-999,-999,18.934235,0.484536,313,4,7004.98389,48.502911,64.312737
451470,5972070,-999,-999,18.212067,-0.234043,511,6,3328.24268,48.251663,64.090012
460740,5972070,-999,-999,21.960297,0.415094,411,5,2381.36523,48.254288,64.093376
467640,5972100,-999,-999,23.717377,0.350649,312,4,5612.88672,48.595509,64.402954
469500,5972130,-999,-999,21.622955,0.517241,313,4,6837.10449,48.570473,64.374481
451860,5972160,-999,-999,33.346283,-0.146341,123,1,3080.81152,47.520073,63.439373
471720,5972160,-999,-999,22.083252,0.486726,243,3,8402.41016,47.735832,63.633904
461430,5972190,-999,-999,20.808746,0.45283,411,5,2495.05518,48.249798,64.088806
451860,5972220,-999,-999,20.816193,-0.25,123,1,3025.39258,48.072906,63.931923
457290,5972220,-999,-999,30.044708,0.176471,122,1,1530,48.262657,64.103333
475140,5972250,-999,-999,32.332947,0,211,3,9726.89551,48.258381,64.099152
457470,5972310,-999,-999,27.021149,0.247059,312,4,1440,48.258495,64.098984
465450,5972310,-999,-999,19.254425,0.494505,313,4,4160.38477,49.292267,65.014244
463710,5972400,-999,-999,19.137512,0.494505,311,4,3206.63379,40.805969,57.283001
475230,5972400,-999,-999,32.332947,0,211,3,9634.11133,48.639225,64.432022
459840,5972430,-999,-999,19.112518,0.473684,313,4,1755.70496,48.250671,64.090706
472770,5972430,-999,-999,23.460449,0.32,231,3,8512.39063,48.250134,64.0905
452310,5972460,-999,-999,32.625366,0.225806,123,1,2635.3938,48.254089,64.094383
459990,5972460,-999,-999,19.243195,0.454545,313,4,1774.06311,48.250359,64.090477
463920,5972460,-999,-999,20.145325,0.448276,311,4,3246.79834,47.371361,63.308636
462150,5972490,-999,-999,20.658722,0.491228,411,5,2482.94189,48.249084,64.09024
470040,5972490,-999,-999,23.362152,0.433628,231,3,6962.58594,48.256065,64.097389
454380,5972550,-999,-999,33.112793,0.142857,122,1,1802.49829,48.259483,64.100952
453000,5972610,-999,-999,22.994934,0.428571,312,4,2250.79981,48.258976,64.100555
461280,5972610,-999,-999,19.48468,0.528302,312,4,2049.24365,48.24876,64.089325
469530,5972640,-999,-999,24.925171,0.448276,231,3,6491.24023,48.257591,64.099426
463290,5972670,-999,-999,20.653198,0.36,311,4,2777.22876,46.775635,62.784695
471030,5972670,-999,-999,28.949432,0.22,211,3,7573.14355,48.260117,64.102295
453120,5972700,-999,-999,21.490814,0.422222,312,4,2123.22876,48.353577,64.184349
457290,5972700,-999,-999,21.840424,0.376623,312,4,1050,48.589844,64.393463
465210,5972730,-999,-999,19.530853,0.510204,313,4,3677.66235,45.45929,61.566963
469680,5972760,-999,-999,25.811096,0.46087,231,3,6515.25147,48.253326,64.095383
461610,5972790,-999,-999,19.056702,0.514563,311,4,2005.51733,48.249519,64.090919
474060,5972790,-999,-999,23.733795,0.346939,231,3,8747.50781,48.249672,64.091469
455160,5972820,-999,-999,21.695496,0.342466,312,4,1290.34876,48.259911,64.102554
476130,5972820,-999,-999,33.346283,0.155556,211,3,9698.68066,48.963673,64.723328
474450,5972880,-999,-999,23.082611,0.511811,231,3,8844.70996,48.245514,64.08712
452670,5972910,-999,-999,29.257813,0.172414,112,2,2087.10327,48.252701,64.094658
462030,5972940,-999,-999,20.072571,0.519231,311,4,2026.0553,48.245354,64.08683
465690,5972940,-999,-999,19.884552,0.392405,312,4,3786.3042,49.529411,65.139862
469080,5972970,-999,-999,20.562531,0.4,312,4,5939.69678,48.626396,64.416397
458070,5973000,-999,-999,21.263214,0.333333,312,4,814.98468,48.40163,64.227081
458400,5973000,-999,-999,19.464325,0.342105,312,4,865.852173,48.254635,64.097458
462540,5973000,-999,-999,20.630005,0.469388,411,5,2184.03296,48.243423,64.086365
456600,5973030,-999,-999,20.731842,0.342105,312,4,750,50.346512,65.928177
470760,5973030,-999,-999,25.619629,0.45614,242,2,7127.7627,48.253777,64.097
471840,5973090,-999,-999,23.632263,0.346154,242,2,7563.62988,48.253128,64.096542
464160,5973120,-999,-999,20.032043,0.368421,313,4,2779.82007,50.337608,65.931549
465210,5973150,-999,-999,20.365509,0.458824,313,4,3330.54053,43.573341,59.868576
452520,5973180,-999,-999,26.370575,0.369565,112,2,1889.04736,48.946812,64.705772
466470,5973180,-999,-999,19.530853,0.466667,312,4,4033.96826,50.154732,65.629181
460380,5973240,-999,-999,19.709412,0.483871,313,4,1158.0155,48.245609,64.088287
474300,5973240,-999,-999,22.537079,0.435897,231,3,8456.59473,48.241848,64.084435
461370,5973270,-999,-999,20.467804,0.382716,312,4,1471.224,48.245255,64.088051
461400,5973270,-999,-999,20.525757,0.384615,312,4,1481.89063,48.245255,64.088043
456090,5973300,-999,-999,21.172089,0.414634,313,4,560.446228,48.251724,64.095276
459540,5973300,-999,-999,20.292755,0.351351,313,4,836.779541,48.248329,64.091431
459750,5973300,-999,-999,24.13736,0.425532,313,4,902.496521,48.245033,64.087852
461700,5973300,-999,-999,18.931732,0.376623,312,4,1560,48.244934,64.087807
464490,5973330,-999,-999,19.189667,0.471264,313,4,2779.49634,53.177269,68.359535
452820,5973360,-999,-999,26.693939,0.341176,123,1,1612.7616,49.066612,64.804893
464250,5973360,-999,-999,20.324371,0.454545,313,4,2621.01123,53.917953,68.690216
458160,5973450,-999,-999,28.873322,0.247312,242,2,390,51.620094,66.956383
454920,5973480,-999,-999,20.394775,0.494505,313,4,740.945313,50.755943,66.257614
457680,5973480,-999,-999,28.80304,0.259259,242,2,276.586334,48.215294,64.063354
465750,5973480,-999,-999,19.058167,0.494737,313,4,3370.83081,49.118721,64.885963
466560,5973480,-999,-999,21.172089,0.36,312,4,3860.68652,45.867535,61.93531
457470,5973510,-999,-999,23.526947,0.308642,242,2,240,48.976486,64.734695
468210,5973510,-999,-999,20.641846,0.333333,312,4,4948.18164,48.262978,64.108337
458940,5973540,-999,-999,20.594299,0.369863,312,4,453.982391,48.149494,64.005997
470970,5973540,-999,-999,22.238861,0.342105,312,4,6849.72998,47.521164,63.448986
477870,5973540,-999,-999,20.158813,0.443478,231,3,9627.89648,48.235489,64.078529
453270,5973570,-999,-999,32.332947,0.073684,123,1,1261.42773,48.245186,64.088814
456870,5973570,-999,-999,24.42749,0.305556,312,4,180,48.252151,64.096893
455640,5973600,-999,-999,20.490723,0.483871,313,4,400.249908,48.973595,64.731735
458580,5973600,-999,-999,29.540192,0.340206,242,2,313.209198,51.483963,66.829544
471210,5973630,-999,-999,25.469147,0.36,312,4,6847.16748,48.919022,64.683456
472170,5973660,-999,-999,28.67688,0.257732,231,3,7148.88086,48.244076,64.088615
452640,5973690,-999,-999,40.812103,-0.148936,123,1,1370.83911,48.002094,63.872574
464580,5973720,-999,-999,19.420105,0.376623,312,4,2504.5957,45.698925,61.838371
470910,5973720,-999,-999,22.719269,0.368421,312,4,6660,48.885883,64.65519
462810,5973780,-999,-999,23.53714,0.464286,231,3,1570.63684,48.248375,64.095169
465120,5973780,-999,-999,19.039276,0.494737,313,4,2773.66187,45.353409,61.519432
470850,5973780,-999,-999,23.285858,0.358974,312,4,6583.88965,48.253479,64.094994
474570,5973840,-999,-999,23.781067,0.377358,231,3,8052.35986,48.238953,64.083595
471960,5973870,-999,-999,19.515442,0.458333,312,4,6879.42578,48.23872,64.083389
452820,5973930,-999,-999,33.851318,0.135135,123,1,1081.66541,47.502518,63.42458
471060,5974020,-999,-999,23.99881,0.333333,312,4,6429.31543,48.233009,64.080345
466260,5974110,-999,-999,19.584381,0.510204,313,4,3186.50269,49.302338,65.027672
464820,5974140,-999,-999,20.197418,0.351351,312,4,2305.12476,47.581013,63.521725
466320,5974140,-999,-999,20.525482,0.525773,313,4,3204.94922,49.343815,65.031906
454680,5974170,-999,-999,22.847717,0.285714,312,4,174.928558,48.942101,64.703735
462420,5974170,-999,-999,21.619781,0.422222,312,4,1053.42297,48.242493,64.088608
464430,5974170,-999,-999,18.764374,0.392405,312,4,2047.26648,33.287983,51.115097
471180,5974170,-999,-999,21.671967,0.402299,312,4,6327.72461,48.245411,64.092163
473610,5974230,-999,-999,31.453857,0.217391,211,3,7258.88428,48.402794,64.229111
470070,5974290,-999,-999,25.202728,0.37037,231,3,5766.0127,48.240952,64.087585
465660,5974320,-999,-999,19.986511,0.369863,313,4,2638.97705,48.924828,64.692963
462060,5974380,-999,-999,20.646851,0.384615,312,4,724.982788,48.780159,64.559998
474000,5974380,-999,-999,25.882477,0.27619,211,3,7312.25,47.496548,63.424454
461490,5974500,-999,-999,22.34848,0.382716,313,4,390,48.239178,64.086159
475170,5974500,-999,-999,26.155151,0.269231,211,3,7774.22656,47.563488,63.486031
471300,5974530,-999,-999,23.374969,0.46087,231,3,6025.81934,47.815651,63.707718
464760,5974560,-999,-999,21.130951,0.386667,312,4,1934.94189,47.818222,63.719345
469320,5974620,-999,-999,20.684723,0.351351,312,4,4987.31397,48.960121,64.720978
475200,5974620,-999,-999,22.903137,0.446429,231,3,7677.71436,47.494656,63.423321
474780,5974650,-999,-999,22.422607,0.569231,231,3,7445.86475,48.230698,64.07753
465330,5974680,-999,-999,19.043488,0.386667,313,4,2151.02295,46.587128,62.578194
461310,5974710,-999,-999,22.238861,0.474747,313,4,123.693169,49.711567,65.378838
461820,5974740,-999,-999,20.688232,0.386667,312,4,305.941162,48.23671,64.084351
476850,5974740,-999,-999,29.675201,0.211009,243,3,8158.67627,47.870148,63.759132
472260,5974770,-999,-999,23.225739,0.52,231,3,6160.23535,48.315094,64.151543
473820,5974800,-999,-999,22.646881,0.407407,231,3,6855.90234,48.225945,64.072754
474810,5974830,-999,-999,23.72171,0.387387,231,3,7305.84717,48.228977,64.076271
477240,5974830,-999,-999,32.332947,0.017241,211,3,8199.28027,47.514084,63.445637
477210,5974860,-999,-999,32.332947,0.034483,211,3,8160.88232,47.572861,63.498116
473220,5974890,-999,-999,22.632721,0.39823,231,3,6493.66602,47.673096,63.582745
468510,5974950,-999,-999,22.420319,0.324324,312,4,4179.05469,47.42271,63.366425
469800,5974980,-999,-999,20.337433,0.431818,312,4,5093.99658,48.547955,64.355957
477570,5975010,-999,-999,29.780212,0.102804,211,3,8146.09131,47.651443,63.569202
471780,5975040,-999,-999,24.164398,0.442308,231,3,5721.27588,48.226784,64.074638
463800,5975070,-999,-999,29.780212,0.178947,112,2,948.683289,42.617577,59.260246
470580,5975100,-999,-999,27.194397,0.266667,231,3,5249.31445,48.229446,64.077858
477570,5975100,-999,-999,29.266296,0.082569,211,3,8061.96631,48.245453,64.096123
467910,5975130,-999,-999,22.878632,0.315068,312,4,3612.47827,48.264919,64.117928
474750,5975160,-999,-999,32.332947,0.082569,211,3,6992.83203,48.16925,64.024727
476400,5975190,-999,-999,30.292969,0.169811,211,3,7589.46631,48.633133,64.435501
474210,5975220,-999,-999,22.393951,0.415929,231,3,6670.59961,48.221664,64.069611
466680,5975250,-999,-999,20.14856,0.466667,311,4,2631.80542,50.235142,65.866913
462960,5975280,-999,-999,30.292969,0.011236,112,2,308.868896,48.231144,64.080276
471480,5975340,-999,-999,22.403168,0.462963,231,3,5333.76025,48.22374,64.072388
464160,5975370,-999,-999,31.315216,0.04,112,2,931.933472,45.824814,61.928711
467760,5975400,-999,-999,20.005798,0.52,311,4,3322.55933,46.327248,62.36422
472710,5975430,-999,-999,26.425812,0.285714,231,3,5782.61182,48.22279,64.071701
468300,5975460,-999,-999,22.949036,0.315068,312,4,3669.94556,48.985184,64.752838
472740,5975460,-999,-999,26.325073,0.381818,231,3,5769.05518,48.222477,64.071472
474750,5975490,-999,-999,22.457855,0.431193,231,3,6701.82813,48.218895,64.067589
472110,5975520,-999,-999,23.343109,0.454545,231,3,5420.37842,48.221874,64.07103
478890,5975580,-999,-999,19.141632,0.457627,231,3,8118.70068,48.44136,64.261101
463620,5975790,-999,-999,31.315216,0.038961,112,2,276.586334,49.481331,65.157227
472650,5975880,-999,-999,27.717682,0.05,231,3,5353.21387,48.199966,64.053452
477060,5975910,-999,-999,30.804626,0.072727,211,3,7125.23682,48.171127,64.028625
464640,5975940,-999,-999,20.554382,0.410256,313,4,742.765076,42.29834,58.611561
464940,5976030,-999,-999,21.411285,0.352113,312,4,890.954529,46.373013,62.435089
475830,5976030,-999,-999,21.860107,0.459459,231,3,6612.32959,47.950352,63.82991
477270,5976060,-999,-999,40.321503,-0.027027,211,3,7058.42041,48.83783,64.616737
463770,5976090,-999,-999,23.383972,0.333333,112,2,123.693169,48.039505,63.91333
475170,5976090,-999,-999,21.794556,0.439252,231,3,6311.41846,48.715885,64.506821
467580,5976180,-999,-999,19.096466,0.5,311,4,2651.73535,49.224297,64.972847
472590,5976180,-999,-999,37.356903,0.043478,242,2,5058.27051,48.522247,64.338699
470910,5976210,-999,-999,27.253021,0.257732,243,3,4317.70752,48.188343,64.032913
476400,5976210,-999,-999,37.356903,-0.009346,211,3,6621.91797,48.224445,64.076828
470040,5976240,-999,-999,20.348083,-0.116279,512,6,3994.05811,48.214611,64.065628
466920,5976300,-999,-999,19.572266,0.384615,311,4,2100.21436,42.689949,58.921673
467190,5976450,-999,-999,19.757599,0.4,311,4,2185.06299,46.755333,62.689732
476670,5976450,-999,-999,22.561615,0.422222,313,4,6482.01367,48.212391,64.064529
469110,5976540,-999,-999,20.646851,0.376623,313,4,3456.25513,48.25322,64.120483
478020,5976570,-999,-999,27.045074,0.378641,242,2,6866.06885,48.458145,64.282715
473280,5976660,-999,-999,22.238861,0.349398,312,4,4960.26221,48.099007,63.964211
474570,5976660,-999,-999,22.897949,0.333333,313,4,5554.61963,48.213829,64.066322
479190,5976720,-999,-999,20.215332,0.452632,313,4,7106.70801,48.413841,64.242447
466140,5976750,-999,-999,20.578094,0.515152,313,4,1213.79565,47.837143,63.774811
469320,5976780,-999,-999,21.152374,0.462366,311,4,3281.53931,53.698597,68.73687
475560,5976780,-999,-999,22.855896,0.433628,231,3,5815.43652,48.189846,64.04467
477960,5976810,-999,-999,23.786194,0.479675,242,2,6622.12207,48.211792,64.064964
477870,5976840,-999,-999,23.394318,0.395833,242,2,6558.75732,48.087486,63.954102
464640,5976870,-999,-999,21.415771,0.253731,331,4,84.852814,42.479736,58.567219
472860,5976870,-999,-999,25.795593,0.351852,242,2,4575.07373,47.982952,63.865181
467580,5976900,-999,-999,20.480377,0.456522,311,4,2163.74683,47.82827,63.780056
478410,5976960,-999,-999,32.332947,0.073171,211,3,6661.48633,48.213531,64.067551
477720,5977020,-999,-999,30.804626,0.051546,211,3,6334.61914,48.209702,64.063446
467760,5977050,-999,-999,20.063385,0.394737,313,4,2193.28516,49.645569,65.378922
472500,5977050,-999,-999,26.338104,0.346154,242,2,4253.02246,48.201702,64.053856
478560,5977080,-999,-999,41.301758,-0.014706,211,3,6592.90527,48.881851,64.654709
471300,5977110,-999,-999,18.736847,-0.181818,512,6,3635.94556,48.205688,64.059113
476280,5977110,-999,-999,31.315216,0.115385,313,4,5730.07861,46.742561,62.752068
466290,5977170,-999,-999,20.921997,0.39759,312,4,1039.66345,44.380993,60.671814
476820,5977200,-999,-999,31.824615,-0.035088,211,3,5832.8208,48.476936,64.300697
466380,5977230,-999,-999,20.323273,0.384615,312,4,1060.66016,49.460949,65.191017
475290,5977260,-999,-999,30.292969,0.089109,211,3,5275.2251,48.492233,64.315231
475860,5977260,-999,-999,38.349213,-0.029126,211,3,5455.13525,49.598892,65.275864
475500,5977290,-999,-999,32.840149,0.018868,211,3,5312.62647,50.048325,65.679535
471900,5977320,-999,-999,22.807373,0.358025,313,4,3730.14746,47.337517,63.296471
472650,5977320,-999,-999,20.348083,-0.115385,512,6,4078.78662,48.203506,64.057541
478320,5977350,-999,-999,35.360077,0.009174,243,3,6264.18408,47.469475,63.405727
473010,5977410,-999,-999,29.962311,0.111111,242,2,4173.55957,46.846245,62.83466
477300,5977530,-999,-999,34.858215,0.008403,211,3,5700.0791,48.449059,64.275597
466560,5977590,-999,-999,20.433899,0.361111,312,4,954.829834,45.960884,62.06559
467280,5977590,-999,-999,19.995697,0.421687,312,4,1482.19434,50.756321,66.321342
472500,5977590,-999,-999,21.588745,0.253012,243,3,3770.1062,48.200752,64.055527
471300,5977620,-999,-999,18.736847,-0.155556,512,6,3189.89038,48.200489,64.055283
478050,5977650,-999,-999,30.292969,0.037736,243,3,5885.20166,48.418835,64.246803
465660,5977710,-999,-999,26.082153,0.243902,311,4,212.132034,49.535706,65.280739
468420,5977710,-999,-999,19.809723,0.452381,311,4,2173.29248,46.562939,62.423912
471000,5977710,-999,-999,20.534424,0.404762,312,4,2965.14746,49.818115,65.461937
473820,5977710,-999,-999,24.817688,0.354167,211,3,4295.13672,49.552658,65.220779
478980,5977710,-999,-999,27.827881,0.153846,243,3,6099.08203,48.199417,64.054626
474870,5977800,-999,-999,30.292969,0.009346,211,3,4624.38086,48.936314,64.699669
465870,5977860,-999,-999,20.528198,0.489796,311,4,254.558441,52.423889,67.594376
469920,5978040,-999,-999,19.623138,0.466667,313,4,2258.18506,47.549156,63.48304
472200,5978040,-999,-999,21.619781,0.350649,312,4,3233.60474,51.19186,66.659439
474090,5978100,-999,-999,21.80011,0.460674,313,4,4038.87354,47.675896,63.54525
468330,5978190,-999,-999,20.015289,0.36,312,4,1686.68311,46.044579,62.085682
476880,5978250,-999,-999,21.884186,0.572414,211,3,4874.51514,48.805141,64.588638
478470,5978250,-999,-999,36.360565,0.078125,211,3,5436.04639,48.197136,64.054237
477240,5978310,-999,-999,39.337372,-0.026549,211,3,4959.44531,48.203014,64.060913
474270,5978340,-999,-999,26.857697,0.377049,211,3,3891.33643,48.387218,64.225693
467280,5978370,-999,-999,20.185425,0.448276,313,4,956.713135,49.221142,65.037613
477150,5978430,-999,-999,37.356903,-0.042017,211,3,4813.85498,47.629433,63.550552
469590,5978550,-999,-999,20.578094,0.489362,311,4,1669.79041,48.340702,64.26236
471870,5978580,-999,-999,20.363312,0.384615,312,4,2604.47681,45.450752,61.456272
473010,5978610,-999,-999,20.324371,0.44186,313,4,3133.38477,48.069687,63.954994
477420,5978610,-999,-999,41.790375,-0.010753,211,3,4757.90918,48.482803,64.307663
466440,5978700,-999,-999,20.259796,0.435294,311,4,127.279221,39.326,55.996567
479640,5978700,-999,-999,20.581604,0.346154,243,3,5360.27051,48.182968,64.03994
470850,5978820,-999,-999,21.407135,0.350649,313,4,1927.71887,48.203861,64.067451
471420,5978850,-999,-999,21.130951,0.351351,312,4,2156.03809,46.046928,62.137749
475470,5978910,-999,-999,23.866425,0.465517,243,3,3766.28467,48.019733,63.897964
469410,5978940,-999,-999,20.562286,0.5,311,4,1243.10095,43.488274,59.812569
471120,5979000,-999,-999,22.919556,0.408163,211,3,1878.29712,48.097145,63.975941
466740,5979090,-999,-999,17.656128,0.129032,311,4,67.082039,43.477329,59.791771
471450,5979120,-999,-999,25.933319,0.270833,211,3,1932.14905,49.986504,65.633934
476850,5979180,-999,-999,20.731415,0.509434,231,3,4006.20776,47.970798,63.853157
478800,5979180,-999,-999,29.780212,0.008264,211,3,4639.14844,48.195454,64.055954
479790,5979210,-999,-999,22.586945,0.405405,243,3,4933.15332,48.557102,64.372101
477930,5979240,-999,-999,25.591705,0.296296,211,3,4344.20313,48.187027,64.046585
469710,5979330,-999,-999,20.055084,0.489362,313,4,977.189819,40.666115,56.859531
473730,5979330,-999,-999,19.995697,0.384615,313,4,2765.86328,47.474625,63.400066
466950,5979360,-999,-999,17.113708,-0.018868,311,4,30,31.892851,47.024338
474990,5979360,-999,-999,30.292969,0.219048,211,3,3187.63232,49.56654,65.257805
478980,5979360,-999,-999,30.292969,0.008547,211,3,4525.22949,48.19482,64.055634
479100,5979390,-999,-999,31.315216,0,211,3,4534.86475,48.273281,64.125778
471480,5979420,-999,-999,28.217041,0.257732,211,3,1678.39209,47.204308,63.188957
478950,5979420,-999,-999,30.804626,0.008696,211,3,4458.81152,47.814957,63.718712
479340,5979450,-999,-999,33.851318,0.042017,211,3,4553.67969,48.028847,63.907349
468180,5979480,-999,-999,20.761139,0.448276,311,4,390,43.721455,60.018536
475830,5979510,-999,-999,23.624329,0.195876,211,3,3321.74658,47.504616,63.440208
467970,5979540,-999,-999,21.858429,0.438202,311,4,300,42.311554,58.756512
473640,5979540,-999,-999,21.261322,0.351351,312,4,2537.4397,47.463493,63.405426
476730,5979540,-999,-999,17.656128,-0.076923,512,6,3628.01587,48.174309,64.033585
478110,5979720,-999,-999,27.614929,0.2,231,3,3923.12378,47.733929,63.641941
467910,5979750,-999,-999,19.132416,0.468085,311,4,90,43.281548,59.595543
470850,5979840,-999,-999,20.404785,0.304348,312,4,1015.13544,47.52607,63.476299
468990,5979870,-999,-999,21.157043,0.494505,311,4,228.47319,43.172539,59.431614
471690,5979900,-999,-999,28.335907,0.234043,112,2,1355.32288,47.489601,63.437405
479760,5980080,-999,-999,26.471741,0.215686,211,3,4105.72754,47.465946,63.407158
474300,5980170,-999,-999,26.599792,0.326923,243,3,2201.68115,48.739975,64.531883
476580,5980230,-999,-999,18.197174,-0.115385,512,6,2938.31592,48.167271,64.028412
479250,5980230,-999,-999,31.315216,0.016667,211,3,3788.68042,48.181522,64.040634
470100,5980260,-999,-999,21.019104,0.392405,312,4,313.209198,46.657444,62.694427
471600,5980260,-999,-999,22.473785,0.315068,312,4,998.598999,45.907143,61.998924
474720,5980320,-999,-999,21.829834,0.454545,243,3,2191.64331,48.169319,64.031075
478230,5980320,-999,-999,23.886505,0.454545,231,3,3383.75537,48.169556,64.031395
479970,5980470,-999,-999,22.472595,0.425743,231,3,3828.96851,48.168133,64.03035
471210,5980500,-999,-999,22.424866,0.323529,312,4,603.738342,46.55513,62.59132
477300,5980590,-999,-999,18.736847,-0.16,512,6,2875.62158,48.163589,64.025711
476010,5980710,-999,-999,21.181427,0.486726,231,3,2269.31714,48.165737,64.028519
475200,5980800,-999,-999,22.742249,0.482143,231,3,1894.75598,47.603565,63.529556
477690,5980800,-999,-999,19.275238,-0.08,512,6,2772.52588,48.161438,64.024139
475080,5980830,-999,-999,21.198456,0.482143,231,3,1822.36108,48.164398,64.02758
475380,5980830,-999,-999,21.258148,0.461538,231,3,1927.71887,47.633308,63.555759
471270,5980860,-999,-999,21.415771,0.314286,312,4,318.904388,47.217354,63.086464
477090,5981070,-999,-999,17.656128,-0.125,512,6,2351.70142,48.158691,64.022118
477480,5981100,-999,-999,18.197174,-0.142857,512,6,2431.2959,48.158375,64.021889
475530,5981160,-999,-999,21.93634,0.423077,231,3,1678.39209,48.36837,64.208511
478050,5981310,-999,-999,18.736847,-0.12,512,6,2382.12085,48.156223,64.020309
475260,5981340,-999,-999,22.234009,0.358974,312,4,1410.31909,50.241539,65.851341
474630,5981520,-999,-999,19.482178,0.52,313,4,1025.2804,45.065899,61.248688
477810,5981520,-999,-999,18.197174,-0.125,512,6,2115.58496,48.154076,64.018738
477300,5981550,-999,-999,18.736847,-0.142857,512,6,1950,48.153778,64.018517
478560,5981550,-999,-999,21.873322,0.438202,231,3,2314.86499,48.014259,63.894466
476070,5981610,-999,-999,19.730347,0.44898,311,4,1471.224,48.153309,64.018166
478410,5981610,-999,-999,20.348083,-0.074074,512,6,2210.45239,48.153156,64.018051
473250,5981730,-999,-999,19.623138,0.478261,313,4,379.473328,44.882755,61.099823
478740,5981940,-999,-999,25.446045,0.346154,211,3,2011.56653,48.467945,64.298119
475170,5981970,-999,-999,21.748596,0.350649,312,4,792.022705,48.76572,64.573944
478470,5982090,-999,-999,21.271393,0.263158,231,3,1774.06311,48.148258,64.014465
474060,5982150,-999,-999,20.636414,0.361111,313,4,247.386337,40.607506,57.149315
474840,5982270,-999,-999,21.719574,0.363636,313,4,390,52.417648,67.458969
474510,5982390,-999,-999,21.099823,0.505155,313,4,161.554947,46.853436,62.732391
477120,5982870,-999,-999,20.243134,0.452632,312,4,632.850708,48.143536,64.012283
477000,5982930,-999,-999,21.454712,0.419355,312,4,540.832703,47.796852,63.704384
476910,5983140,-999,-999,26.599579,0.26087,312,4,313.209198,48.147003,64.016289
477630,5983260,-999,-999,23.003143,0.315068,312,4,400.249908,48.695076,64.500626
478620,5983350,-999,-999,21.70105,0.342105,312,4,655.2099,48.141846,64.012337
480300,5983350,-999,-999,19.989807,0.283951,411,5,1408.72278,48.135368,64.005013
481230,5983920,-999,-999,22.336151,0.45283,411,5,1317.2699,48.132771,64.004417
481950,5983980,-999,-999,20.088013,0.5,411,5,1647.54358,48.128929,64.000305
478620,5984010,-999,-999,26.552032,0.2,312,4,60,49.447594,65.15641
478770,5984070,-999,-999,25.778778,0.225,312,4,67.082039,49.430676,65.146774
481380,5984280,-999,-999,22.869873,0.449541,411,5,1100.22729,48.129097,64.001709
481470,5984520,-999,-999,22.459351,0.423077,313,4,931.933472,48.182549,64.049423
480390,5984640,-999,-999,21.447876,0.414634,313,4,305.941162,48.128662,64.00267
483240,5984760,-999,-999,20.610352,0.5,411,5,1701.82251,48.120953,63.994461
480420,5984820,-999,-999,21.35907,0.324324,313,4,150,48.126812,64.001312
481140,5984850,-999,-999,20.126221,0.484536,313,4,483.735474,48.126507,64.001091
482070,5984880,-999,-999,21.219055,0.358974,312,4,912.414368,48.12619,64.00087
480960,5984940,-999,-999,21.793274,0.342105,313,4,324.499603,48.125591,64.00042
482460,5984970,-999,-999,21.357117,0.36,312,4,1032.27905,47.524155,63.463112
482250,5985510,-999,-999,19.686646,0.365854,313,4,488.364624,48.113293,63.988831
469260,5968260,-999,-999,21.796661,0.325,312,4,9660.2793,48.105289,63.979584
468690,5968740,-999,-999,19.665344,0.333333,312,4,8946.29004,47.66172,63.574158
473070,5969520,-999,-999,21.455566,0.392857,412,5,11204.5078,48.283016,64.115921
473370,5969640,-999,-999,24.707642,0.449541,412,5,11331.624,48.278549,64.111366
463830,5969670,-999,-999,19.565216,0.480769,311,4,5745.29395,45.866436,61.984566
467610,5970930,-999,-999,20.292755,0.342466,313,4,6523.46533,46.935513,62.932827
462120,5972100,-999,-999,21.212494,0.46789,411,5,2830.19434,48.840935,64.610199
463350,5972280,-999,-999,19.582886,0.485149,311,4,3155.70923,52.184341,67.380325
455130,5973090,-999,-999,20.197418,0.333333,312,4,1043.55164,48.257164,64.10054
457260,5973270,-999,-999,22.708282,0.314286,312,4,480,44.620785,60.815277
471360,5973600,-999,-999,23.285858,0.365854,312,4,6925.38818,48.301422,64.140831
467190,5973780,-999,-999,21.083557,0.36,313,4,4072.93506,49.730366,65.415192
465540,5973810,-999,-999,20.594299,0.358974,312,4,2979.68115,47.014351,62.867981
462300,5974380,-999,-999,21.216797,0.473684,312,4,816.088257,48.24036,64.087036
468570,5974380,-999,-999,21.840424,0.342466,312,4,4605.65967,49.530548,65.222977
469350,5975520,-999,-999,21.219055,0.44186,312,4,4397.32861,48.705414,64.498421
466860,5975610,-999,-999,20.072571,0.473684,311,4,2512.13062,49.780006,65.477577
470790,5975760,-999,-999,24.949585,0.292683,312,4,4696.22168,47.763,63.66758
466320,5976510,-999,-999,20.090637,0.510204,312,4,1507.48132,51.852638,67.246742
476100,5976630,-999,-999,21.222382,0.297297,313,4,6128.52344,48.94006,64.708115
464700,5976870,-999,-999,20.641846,0.456522,311,4,108.166542,53.133286,68.127319
466770,5977500,-999,-999,20.821777,0.471264,312,4,1166.91907,47.583748,63.517513
466590,5977800,-999,-999,20.24411,0.435294,312,4,827.586853,51.443321,66.812729
481740,5984460,-999,-999,21.103363,0.508197,411,5,1134.06348,48.127258,64.000359
477420,5982270,-999,-999,18.197174,-0.137255,512,6,1281.60059,48.146431,64.013123
