X,Y,1999-09-13_TPZ,1999-09-13_NDVI,2002-08-20_TPZ,2002-08-20_NDVI,CLC06,CLC06_p_lato,odl_od_morza,InsCalk_1999-09,InsCalk_2002-08
472470,5963790,22.038666,0.469388,21.760925,0.478992,411,5,15160.541,48.906155,64.656487
474210,5966040,21.961243,0.267327,24.554718,0.146667,211,3,14512.0635,49.377964,65.07811
473820,5966130,22.773865,0.508197,24.62793,0.425743,211,3,14178.1025,48.333611,64.159119
474180,5966190,26.908966,0.348485,29.598511,0.295238,211,3,14383.5527,48.320984,64.150818
474840,5966190,25.426544,0.451852,27.394958,0.415094,112,2,14824.3721,49.014992,64.749794
473460,5966220,25.45813,0.524862,32.55957,0.315315,211,3,13867.8223,49.269829,64.976646
472470,5967030,26.234589,0.343284,25.505615,0.320388,242,2,12603.8926,48.894341,64.649765
474360,5967180,27.681915,0.343066,27.199127,0.176471,211,3,13772.0918,49.017948,64.759979
472680,5967360,21.247284,0.50365,22.028137,0.409524,231,4,12501.0762,48.301796,64.128418
471540,5967390,26.239502,0.308824,29.002441,0.233645,211,3,11727.3906,49.865448,65.507263
473100,5967390,23.221405,0.460993,23.750854,0.396552,231,4,12770.6299,48.301479,64.128189
471900,5967450,25.279755,0.213793,30.957642,0.165049,211,3,11912.7578,46.86388,62.85017
473970,5967600,24.861877,0.350877,29.679382,0.221053,211,3,13198.9775,47.683929,63.578411
470460,5967660,22.057159,0.163934,20.46579,0.333333,243,2,10842.002,48.812061,64.57782
474450,5967720,31.922363,0.176471,26.467621,0.148936,211,3,13449.1709,47.734688,63.629032
470940,5967810,28.548126,0.100671,29.780212,0.170213,211,3,11020.458,50.571461,66.121468
473520,5967810,21.816467,0.395973,22.721771,0.445378,231,4,12738.1006,48.296532,64.123825
473280,5967990,26.754852,0.21547,41.301758,-0.008547,211,3,12443.167,48.983654,64.731422
469860,5968020,20.924622,0.425743,21.225464,0.333333,312,5,10197.2646,53.014599,68.150963
472620,5968080,34.375671,-0.051948,33.851318,0.083969,211,3,11938.7939,47.372112,63.298836
473340,5968110,26.933868,0.206897,39.829926,-0.033333,211,3,12395.7734,48.808289,64.57576
472770,5968140,32.792755,-0.058824,31.315216,0.131148,211,3,11991.3721,47.631187,63.542343
473400,5968170,25.034485,0.285714,35.86084,0.195652,211,3,12393.1592,47.716187,63.604271
468120,5968200,23.104218,0.360825,22.564697,0.341772,312,5,9061.04297,51.415508,66.786583
470700,5968380,29.313782,0.209302,29.780212,0.106383,211,3,10429.0459,49.797291,65.459747
471930,5968590,23.430206,0.486726,23.638153,0.42,211,3,11094.6875,47.948223,63.852993
469410,5968620,25.823975,0.253968,29.266296,0.045872,211,3,9447.52344,47.329712,63.28157
471870,5968650,27.871826,0.154472,26.158539,0.06383,211,3,11009.8369,46.981312,62.980034
469560,5968800,27.561249,0.272727,29.780212,0.048544,211,3,9390.04785,48.126713,63.974087
474450,5968860,29.989014,0.025974,26.679413,0.12,211,3,12452.3135,47.760315,63.651524
466560,5968920,21.17746,0.409091,21.130951,0.333333,312,5,7617.04688,48.706886,64.521133
463830,5968980,19.77356,0.577465,18.920929,0.504951,311,5,6374.20605,54.150669,68.940231
458280,5969070,21.006409,0.405797,22.586945,0.396226,411,5,4726.30957,48.281769,64.112221
473490,5969100,25.437256,0.304348,23.16449,0.515625,231,4,11798.2793,48.037327,63.896061
474780,5969220,28.367004,0.050847,24.525757,0.212121,211,3,12255.3584,48.282505,64.113846
472410,5969280,31.194031,0.162162,32.21817,0.12,211,3,10906.5576,47.406578,63.332531
470550,5969460,20.607666,0.419355,21.091797,0.358025,313,5,9512.98047,47.911991,63.783997
471900,5969490,27.646576,0.219512,27.199127,0.113208,211,3,10404.9414,46.395386,62.446892
472110,5969490,29.584869,-0.010989,27.717682,0.140187,211,3,10547.7627,47.608757,63.526314
464430,5969610,19.839233,0.533333,19.022369,0.489796,311,5,6034.84863,47.781601,63.603485
474840,5969610,29.17984,0.018634,26.333588,0.153846,211,3,11928.2734,48.318405,64.146599
467760,5969700,22.156677,0.302326,22.082092,0.382716,312,5,7620.53125,47.991383,63.869011
453210,5969880,22.294037,0.541401,21.582428,0.508197,231,4,4705.50732,48.277084,64.109985
454800,5969880,21.17041,0.302326,22.6763,0.300971,231,4,4205.56787,48.27697,64.109924
473250,5969880,22.194672,0.449275,23.465576,0.486726,231,4,11064.4697,48.276115,64.109573
464190,5969910,24.191437,0.263158,24.415344,0.240506,211,3,5665.6333,45.437965,61.577114
472530,5969910,26.423431,0.087248,23.833099,0.309091,211,3,10544.6904,47.5513,63.465912
464820,5969940,20.65094,0.5625,19.702026,0.509804,311,5,5903.21924,44.968868,61.105682
469200,5969940,25.40506,0.408696,25.916962,0.38,242,2,8270.10254,47.269539,63.21336
470490,5970000,23.748413,0.312,24.153137,0.405405,231,4,9079.64746,47.536289,63.450012
468450,5970090,20.753723,0.479167,21.627563,0.341463,313,5,7693.34766,46.978832,62.953442
458040,5970120,18.66803,0.406897,18.151764,0.417476,411,5,3654.2168,48.271076,64.10437
468030,5970120,21.292542,0.362637,21.748596,0.315789,312,5,7430.37695,46.520741,62.540215
470460,5970120,28.367004,0.063492,26.679413,0.153846,211,3,8973.20996,48.654507,64.441032
471330,5970180,32.394836,0,26.730621,0.178947,211,3,9511.18262,45.522358,61.656647
472320,5970180,25.060272,0.314685,25.240417,0.233645,211,3,10206.2188,48.02985,63.894108
470580,5970210,27.433746,0.227273,26.679413,0.309091,211,3,8991.44629,48.994709,64.742249
466500,5970360,21.059204,0.485149,19.995697,0.418605,312,5,6365.23389,49.346004,65.042778
473550,5970390,22.310272,0.493333,22.801605,0.471074,231,4,10696.3359,48.267677,64.102104
474630,5970450,23.520081,0.360544,26.672791,0.333333,231,4,11081.9854,48.270271,64.105309
455520,5970510,23.382111,0.371901,24.758026,0.346535,211,3,3406.94873,48.276962,64.112511
455130,5970540,28.485962,0.362832,31.69342,0.297872,211,3,3481.68066,48.283039,64.119171
463830,5970630,22.033997,0.532258,21.402771,0.474747,211,3,4863.51709,50.02573,65.62178
472890,5970630,20.003357,0.550388,21.223999,0.504587,231,4,10235.3213,48.265247,64.100304
472680,5970690,20.169281,0.527559,20.563568,0.495327,231,4,10106.2607,48.264641,64.099861
456000,5970780,23.573242,0.428571,24.339722,0.425926,211,3,3048.21265,48.909897,64.669327
463320,5970780,31.996063,0.070175,36.360565,0.119048,211,3,4523.7373,48.978909,64.732567
463650,5970840,30.465668,0.210526,29.493835,0.25,211,3,4603.31397,50.402725,65.939484
475470,5970870,25.249146,0.385621,26.464386,0.229167,211,3,11098.2969,48.521168,64.328873
455790,5970900,27.780884,0.036585,30.1604,0.097345,211,3,2971.21191,48.207642,64.053337
456420,5970900,25.44696,0.259259,25.289612,0.28972,211,3,2880.78125,48.269699,64.105911
471720,5970960,24.233307,0.433071,24.395691,0.398058,231,4,9234.78711,48.261913,64.097847
463650,5971050,25.736725,0.287879,25.996368,0.298969,211,3,4406.83545,49.542835,65.207153
474660,5971080,24.588226,0.477612,29.87616,0.345794,211,3,10537.2197,48.774963,64.53447
470430,5971170,19.343445,0.315068,20.641846,0.315068,313,5,8173.27978,48.242699,64.085136
457020,5971230,26.127899,0.333333,24.083496,0.356522,211,3,2520,48.2663,64.103424
458070,5971290,22.479919,0.556962,23.324585,0.415094,231,4,2500.81982,48.325581,64.154358
457440,5971320,22.794952,0.424658,22.475403,0.454545,242,2,2430,48.265358,64.102737
472140,5971350,22.457092,0.4,22.778076,0.464286,231,4,9285.32715,48.261158,64.098587
452760,5971380,26.182678,0.21875,27.628479,0.252747,123,1,3482.3269,48.088196,63.943085
474270,5971380,22.036957,0.552795,26.977722,0.367521,231,4,10089.8613,48.260803,64.098351
475200,5971380,30.794495,-0.026316,35.86084,-0.056911,211,3,10521.2354,48.279083,64.118446
456270,5971440,23.207153,0.381818,23.809845,0.377778,211,3,2355.52539,48.769238,64.547791
456810,5971470,26.107483,0.365517,24.705566,0.428571,211,3,2280.19727,48.607452,64.40538
468270,5971500,20.787994,0.422222,21.791351,0.342105,312,5,6476.10986,48.285622,64.126778
474480,5971500,30.392242,-0.061224,32.332947,-0.044118,211,3,10082.2314,48.257618,64.094589
452640,5971620,24.245514,0.362832,26.534943,0.382979,123,1,3304.08838,48.340229,64.169281
457530,5971650,23.769562,0.51049,24.008423,0.373913,242,2,2100,48.472656,64.287109
473670,5971650,23.57843,0.469388,24.926849,0.364486,231,4,9583.86133,48.254833,64.092682
456780,5971710,26.277924,0.295775,24.998199,0.358491,211,3,2040.8822,48.990089,64.742676
475320,5971710,33.189758,0,33.851318,-0.015385,211,3,10288.9502,47.53447,63.456078
465720,5971830,19.510834,0.508475,19.005341,0.478261,313,5,4709.52246,48.149155,64.00856
475110,5971860,32.792755,-0.065789,33.851318,0.042017,211,3,10055.9092,48.012386,63.881382
471000,5971920,25.635468,0.285714,25.290955,0.287129,231,4,8057.27637,48.549805,64.352585
456090,5972070,21.579987,0.411765,22.473785,0.342105,312,5,1765.67273,48.642517,64.437889
451950,5972190,26.730011,-0.132075,31.824615,-0.108434,123,1,3019.73511,47.539173,63.456177
475560,5972310,32.394836,-0.092105,32.332947,-0.008547,211,3,9869.27051,48.621834,64.419662
452160,5972340,28.367004,0.165217,31.430298,0.195652,123,1,2802.2312,48.255325,64.095284
455580,5972340,24.245514,0.258427,27.717682,0.27027,122,1,1630.24536,48.264782,64.106148
465450,5972400,20.502563,0.469388,20.023956,0.425,313,5,4085.40088,47.42012,63.285179
475740,5972400,33.585938,-0.078947,27.199127,0.010309,211,3,9878.88672,48.269775,64.112663
472170,5972430,22.71994,0.39726,23.434753,0.423729,231,4,8297.04785,48.256615,64.097824
452130,5972460,28.358154,0.232,28.968964,0.326733,123,1,2702.33228,48.254101,64.094383
452400,5972490,28.773895,0.235772,33.169281,0.276596,123,1,2573.88818,48.25378,64.094154
455040,5972490,27.140656,0.102804,31.818878,0.139241,122,1,1641.24951,48.260052,64.101379
456030,5972490,22.51059,0.272727,24.005005,0.214286,122,1,1366.23572,48.8671,64.637436
471270,5972490,25.093567,0.489933,23.985321,0.364486,211,3,7870.12695,48.937439,64.695885
470430,5972520,23.397339,0.355932,22.409027,0.387755,211,3,7233.54688,48.258987,64.10083
457740,5972610,21.580933,0.376344,21.172089,0.342105,312,5,1146.29834,48.600922,64.398163
474120,5972610,24.821594,0.233083,25.98584,0.284404,211,3,8935.41797,48.251507,64.092804
470520,5972670,24.217102,0.459854,23.444214,0.45098,211,3,7198.3125,47.875877,63.76144
472410,5972880,23.344391,0.503268,24.808929,0.327586,231,4,7963.57324,48.252029,64.094452
468360,5972940,27.058533,0.319149,26.197113,0.376147,231,4,5477.11621,48.867634,64.639252
475680,5972940,34.375671,-0.066667,27.717682,0.045455,211,3,9377.09961,48.268188,64.112823
452370,5973090,26.621857,0.191919,29.008972,0.208791,123,1,2028.71875,48.247662,64.089661
475650,5973120,32.792755,-0.040541,27.199127,0.195402,211,3,9205.89453,47.675247,63.584846
476280,5973120,27.106384,0.146667,29.663605,0.189189,211,3,9477.81641,47.913872,63.795059
471660,5973150,26.035492,0.214286,26.690979,0.255319,242,2,7447.31494,47.679619,63.588585
452970,5973180,28.327667,0.136,31.315216,0.204301,112,2,1727.54163,48.249931,64.092628
458670,5973210,22.601288,0.404255,20.607544,0.35,312,5,713.091858,48.25248,64.095871
467820,5973360,22.092926,0.4,22.420319,0.378378,312,5,4803.37402,49.260696,64.982521
457620,5973450,31.996063,0.121212,32.840149,0.152174,242,2,300,48.18047,64.032471
459570,5973480,20.924622,0.462963,19.149231,0.44186,312,5,674.166138,48.246449,64.090179
477690,5973480,23.276093,0.385714,23.542999,0.421053,231,4,9621.91211,48.236103,64.078972
476190,5973570,27.550385,0.012987,27.717682,0.109091,211,3,9028.75391,48.248142,64.092941
476850,5973630,24.925659,0.292035,29.460114,0.23913,231,4,9211.75879,48.266125,64.110504
472860,5973690,29.584869,0.058065,29.780212,0.134615,211,3,7393.21973,48.969254,64.727783
471630,5973750,21.149445,0.428571,21.591003,0.390244,312,5,6871.63721,48.249641,64.095276
453300,5973780,31.195953,0.025,34.355286,0.081081,123,1,1053.42297,48.243797,64.08812
473760,5973780,25.337708,0.310345,29.266296,0.099099,211,3,7727.89746,48.971825,64.730858
454770,5973990,21.579987,0.364706,21.894745,0.323944,312,5,313.209198,48.248009,64.093811
477030,5974050,26.730011,0.056338,25.885468,0.227723,211,3,8870.31543,48.249802,64.09668
476790,5974110,29.584869,-0.006061,29.266296,0.046729,211,3,8737.41992,48.222939,64.070648
476460,5974140,24.510986,0.364341,25.113129,0.125,211,3,8604.5625,48.242321,64.088669
475170,5974170,24.259613,0.306452,25.959534,0.26,211,3,8057.10889,48.636436,64.433807
473880,5974230,24.353302,0.258065,27.455688,0.203883,211,3,7386.64355,47.51075,63.435745
470250,5974350,21.555511,0.389313,23.142212,0.38,231,4,5854.99805,47.827866,63.720604
474630,5974350,25.210663,0.254545,26.621948,0.268817,211,3,7635.81055,47.731239,63.634563
474810,5974350,25.641052,0.253968,26.444489,0.257732,211,3,7721.72266,47.500175,63.428482
466950,5974440,20.603394,0.446809,21.665924,0.392405,313,5,3418.55225,48.965534,64.719826
472980,5974470,26.156708,0.274194,28.751221,0.148936,211,3,6757.4624,48.235802,64.08255
475770,5974560,32.394836,-0.049645,33.787109,0.184466,211,3,7953.39551,48.282177,64.123756
462210,5974620,21.06662,0.402299,21.215515,0.351351,312,5,560.446228,48.237911,64.085236
476670,5974620,25.384399,0.37931,26.997955,0.267327,243,2,8215.61914,47.502831,63.432621
463290,5974710,25.177887,0.365854,25.924255,0.326531,142,2,967.470947,48.229576,64.07753
464910,5974770,20.898743,0.386364,21.35907,0.361111,312,5,1831.72046,47.610039,63.550297
471270,5974800,22.567596,0.382353,23.092804,0.438596,231,4,5761.95264,48.229248,64.076431
467490,5974830,20.79715,0.349398,20.887421,0.315068,312,5,3501.78516,47.668392,63.589748
477450,5974830,28.773895,0.185714,30.292969,0.115385,211,3,8273.09473,48.246567,64.095688
477240,5974980,30.340027,0.239437,31.189087,0.153846,211,3,8058.39307,48.248604,64.095078
463530,5975100,23.974365,0.25,26.082153,0.285714,142,2,774.20929,47.836678,63.730843
473340,5975280,21.835419,0.365517,23.812408,0.383178,231,4,6206.73828,48.221069,64.069168
477360,5975280,29.584869,0.065789,30.804626,0.089431,211,3,7819.93603,48.240383,64.091118
463200,5975370,26.730011,0.19685,29.780212,0.191489,112,2,366.196655,48.230217,64.07959
472770,5975400,19.894775,0.625,23.533386,0.487603,231,4,5836.13721,48.223083,64.07193
475830,5975550,25.369507,0.307087,27.532867,0.227723,211,3,7067.84961,48.607006,64.411499
463440,5975580,27.959167,0.180952,30.804626,0.152941,112,2,324.499603,48.489506,64.309036
472560,5975580,27.27829,0.352113,32.489227,0.2,231,4,5582.25781,48.224495,64.074242
473910,5975580,29.012054,0.378378,26.276825,0.381818,231,4,6210.57959,48.685463,64.480301
469800,5975700,27.069336,0.338843,28.942688,0.3125,242,2,4445.77344,49.6306,65.311073
477990,5975730,31.996063,-0.040936,32.840149,0.115044,211,3,7626.96533,47.545628,63.475166
472620,5975910,27.212372,0.228571,29.370605,0.145631,231,4,5313.0498,48.251518,64.098015
477960,5976030,26.61264,0.259843,28.366028,0.277778,211,3,7338.72607,48.049477,63.920723
474960,5976060,20.806824,0.576923,23.302734,0.474576,231,4,6256.27686,48.216305,64.066971
476520,5976060,33.189758,-0.035971,39.337372,-0.009174,211,3,6802.06592,48.229206,64.081619
468270,5976120,20.654205,0.433962,21.627563,0.373494,313,5,3203.26392,51.703571,67.114807
463950,5976210,27.550385,0.022222,30.804626,0.041667,112,2,108.166542,47.359211,63.304131
476310,5976270,30.794495,0.054795,36.360565,0.046729,211,3,6536.48975,48.584557,64.392403
472650,5976330,26.8815,0.343284,28.759003,0.285714,242,2,4953.72607,47.948769,63.832283
478200,5976360,33.189758,-0.006211,34.969543,0.158879,211,3,7130.79248,46.915821,62.910835
473010,5976450,32.394836,0.019608,26.158539,0.075269,211,3,5017.80811,48.232792,64.08432
477270,5976540,29.584869,0.148387,27.199127,0.047619,211,3,6612.66943,47.520157,63.450115
474540,5976720,22.226379,0.404255,23.29541,0.365854,313,5,5487.70459,48.216049,64.069351
472980,5976750,32.792755,0.069182,28.751221,0.107143,211,3,4736.67627,48.684402,64.487625
477510,5976780,28.367004,0.075,28.751221,-0.030928,211,3,6473.39941,48.215385,64.068901
475560,5977170,28.533539,0.211268,34.355286,-0.035088,243,2,5445.4751,50.813824,66.333008
477270,5977200,29.17984,0.061538,34.858215,-0.008403,211,3,5994.37256,47.972954,63.852936
467700,5977230,19.628754,0.402299,20.063385,0.369863,313,5,2034.0354,45.833492,61.971794
477270,5977230,29.17984,0.092308,34.355286,0.02521,211,3,5966.45605,47.819717,63.715225
475290,5977500,28.367004,0.00578,30.292969,-0.009709,211,3,5047.1377,47.521271,63.454567
474900,5977590,28.367004,0.050633,30.804626,0.009709,211,3,4831.49023,46.791939,62.805672
478500,5977650,30.392242,0.076923,25.140564,0.421488,211,3,6024.62451,48.200035,64.055061
469950,5977710,18.950928,0.508475,20.669434,0.494737,313,5,2580.69751,47.832489,63.750381
472980,5977770,18.533783,-0.322034,18.212067,-0.217391,512,6,3843.86523,48.198914,64.054153
477450,5977860,24.448212,0.542857,38.349213,0,211,3,5455.79492,48.185459,64.040627
478200,5977860,28.367004,0.268966,32.332947,0.140187,243,2,5744.43213,48.289295,64.134361
477930,5977950,31.195953,-0.005587,34.355286,0.048387,211,3,5562.22998,48.700081,64.496155
478620,5978040,30.794495,0.010753,31.315216,0.068702,211,3,5678.48584,48.199276,64.055809
477030,5978100,24.67337,0.269231,32.332947,0.296,211,3,5070,48.202042,64.057892
478830,5978100,31.596466,0.117241,26.679413,0.101124,211,3,5682.68408,48.446568,64.274445
474600,5978160,25.905762,0.095238,23.53009,0.421053,211,3,4188.52002,46.773865,62.786686
476010,5978220,27.550385,0.060976,35.86084,-0.015385,211,3,4593.03809,48.522305,64.343567
477870,5978220,33.529694,0.10559,34.858215,0.150442,211,3,5290.98291,48.200691,64.058113
471060,5978310,19.140137,0.504762,19.005341,0.438202,313,5,2479.13281,49.243649,64.988884
476820,5978340,31.195953,-0.07483,20.348816,0.574468,211,3,4768.77344,48.253998,64.101746
474720,5978370,23.327423,0.33945,24.952911,0.266667,211,3,4038.87354,47.938038,63.823257
476340,5978400,27.140656,0.144578,32.332947,0.016949,211,3,4540.41846,48.207603,64.06192
473340,5978460,26.694611,0.283582,28.739563,0.207921,211,3,3420.52637,48.643177,64.461296
475350,5978490,24.368103,0.394366,26.679413,0.071429,211,3,4127.04492,48.904205,64.677963
477450,5978490,25.127197,0.576471,39.337372,-0.022222,211,3,4880.69678,48.197941,64.056091
477420,5978520,23.003876,0.59116,40.812103,-0.010989,211,3,4841.53906,48.197746,64.055901
477600,5978520,27.548065,0.24812,36.360565,-0.035294,211,3,4908.46191,48.516884,64.33651
477120,5978640,21.815308,0.602151,33.851318,-0.025641,211,3,4608.88281,48.273026,64.119995
475080,5978670,24.273499,0.446154,27.596466,0.333333,211,3,3870.81396,48.839645,64.621101
477720,5978670,27.803558,0.223022,37.853577,-0.02439,211,3,4818.80713,48.192863,64.051079
476640,5978700,21.946655,0.463087,22.915009,0.441441,231,4,4368.06592,48.182663,64.039261
476430,5978730,27.395538,0.119497,29.266296,0,211,3,4267.28272,48.192078,64.050125
479220,5978820,23.689789,0.578378,29.266296,0.102804,211,3,5113.48242,48.202072,64.059479
478530,5978850,30.644287,0.178808,29.780212,0.017544,211,3,4876.82275,48.197487,64.057053
479310,5979090,29.474731,0.187097,31.824615,-0.063063,211,3,4885.94922,48.881435,64.659195
478230,5979300,29.989014,0.157895,19.874207,0.560284,211,3,4359.91992,47.926857,63.812912
475560,5979390,25.949493,0.397849,28.355591,0.318182,211,3,3339.85034,48.633968,64.441109
475110,5979450,30.392242,0.074627,27.717682,0.169811,211,3,3140.27075,48.874569,64.656555
473040,5979510,20.366425,0.358025,21.041138,0.323529,312,5,2334.99463,48.525497,64.371033
475200,5979540,28.23999,0.234375,28.76239,0.27451,211,3,3083.58569,48.192017,64.049011
479070,5979600,34.306366,0.169014,32.332947,0.017241,211,3,4326.0376,48.189823,64.05143
471330,5979660,28.092529,0.299145,31.99469,0.232323,211,3,1398.4635,47.84417,63.749535
479640,5979810,26.841827,0.221239,29.111267,0.208333,211,3,4316.76953,47.86351,63.758232
475470,5979840,28.937378,0.255172,29.584106,0.271028,211,3,2886.24316,48.193893,64.056946
476580,5979930,21.560425,0.169231,18.736847,0.084746,231,4,3210.56079,48.170414,64.030739
475410,5980110,24.510986,0.333333,32.840149,0.036364,211,3,2612.75708,49.364471,65.073036
476310,5980230,19.904449,0.564516,21.036621,0.528302,231,4,2830.19434,48.17688,64.036499
474240,5980260,26.047546,0.338346,25.036072,0.326923,211,3,2096.7832,50.858059,66.352509
479340,5980260,27.949341,0.315436,30.292969,0.042017,211,3,3793.90308,47.440407,63.37785
473730,5980530,27.287537,0.404494,27.06543,0.4375,211,3,1669.79041,51.654472,67.045158
471180,5980680,20.744385,0.388235,21.999268,0.305556,312,5,429.534637,46.015629,62.087723
479250,5980710,31.596466,-0.054264,28.751221,-0.012048,211,3,3339.58081,48.521347,64.346077
478260,5980770,31.195953,0.046875,32.385132,0.196078,211,3,2960.13525,48.17083,64.034653
479460,5980890,32.394836,-0.051095,28.751221,0.009174,211,3,3242.36035,48.253883,64.108025
478260,5980920,33.189758,-0.023256,31.143982,0.269565,211,3,2817.60547,48.169899,64.034218
479220,5980980,29.788086,0.218045,27.881561,0.176471,211,3,3073.79248,48.169289,64.033661
476940,5981010,18.736053,-0.111111,18.197174,-0.142857,512,6,2353.04053,48.159306,64.02256
478260,5981010,29.17984,0.009524,33.851318,0.09434,211,3,2732.47144,47.68182,63.599922
476670,5981430,18.736053,-0.106383,18.736847,-0.16,512,6,1867.24402,48.155022,64.019402
477840,5982990,21.041718,0.430657,21.304596,0.454545,231,4,721.248901,48.867321,64.650841
479670,5983200,22.614563,0.432432,21.66983,0.495652,231,4,1247.7981,48.140133,64.009796
478950,5983230,20.684296,0.483333,21.75058,0.474747,311,5,898.999451,48.139839,64.009575
479460,5983590,20.762054,0.467742,21.238708,0.466667,231,4,804.984497,48.139503,64.010559
481050,5983650,22.059784,0.386139,22.810547,0.357143,313,5,1475.80481,48.132301,64.002769
480510,5983770,25.211395,0.288889,25.373444,0.352381,231,4,1132.07776,48.323395,64.172867
480750,5984430,19.085754,0.557377,19.038605,0.495146,313,5,644.127319,48.130798,64.004242
482670,5984640,22.151978,0.327103,22.450012,0.368421,312,5,1423.0249,48.125359,63.998966
483060,5984700,21.982727,0.383459,22.357056,0.457944,411,5,1633.55444,48.121563,63.994911
481320,5984730,19.179749,0.538462,20.107758,0.494949,313,5,674.166138,48.127731,64.001991
484470,5985000,22.062469,0.375,23.164246,0.345133,231,4,2564.78076,48.118507,63.992672
472740,5963220,-999,-999,20.625336,0.491525,411,5,15784.0488,48.245903,64.071823
472650,5965350,-999,-999,21.938965,0.344828,411,5,14008.9404,48.964424,64.706345
473790,5965380,-999,-999,36.315094,0.18,211,3,14714.8086,48.357407,64.180374
472920,5965500,-999,-999,29.781128,0.223301,211,3,14062.3535,47.800106,63.681919
474360,5965530,-999,-999,29.266296,0.154639,112,2,14985.1729,48.590282,64.381859
473970,5965560,-999,-999,29.458466,0.264151,211,3,14699.3877,48.294945,64.122559
474300,5965560,-999,-999,29.9198,0.244898,112,2,14922.3086,48.337219,64.159775
473040,5965590,-999,-999,32.907104,0.204082,211,3,14070.3838,49.381718,65.074722
473550,5965680,-999,-999,37.356903,-0.031579,211,3,14330.96,48.771484,64.545013
473460,5965860,-999,-999,37.356903,-0.028571,211,3,14136.2402,47.630844,63.533195
474480,5966010,-999,-999,31.315216,0.066667,112,2,14720.9238,48.406246,64.214561
473490,5966040,-999,-999,34.858215,0.019231,211,3,14021.5264,48.129887,63.977402
474000,5966070,-999,-999,37.853577,0.069307,211,3,14345.208,48.341278,64.167633
474120,5966100,-999,-999,25.421631,0.275,211,3,14406.4053,49.068287,64.807533
472260,5966550,-999,-999,20.768463,0.495495,231,4,12833.6201,48.310051,64.134476
472500,5966640,-999,-999,22.819183,0.433628,231,4,12918.3008,48.309135,64.133804
473910,5966790,-999,-999,29.925629,0.26,112,2,13758.0996,48.210541,64.049301
473490,5966880,-999,-999,24.221558,0.381818,211,3,13407.8184,47.628677,63.528828
473190,5966940,-999,-999,24.620575,0.387387,211,3,13156.5645,48.305737,64.130791
474570,5966940,-999,-999,22.046204,0.447619,231,4,14090.7412,48.307888,64.13295
471750,5967000,-999,-999,24.09906,0.407407,211,3,12160.958,49.673878,65.323456
472080,5967030,-999,-999,29.767914,0.245283,211,3,12349.291,48.334625,64.159531
473490,5967210,-999,-999,24.361969,0.297872,231,4,13165.626,48.303295,64.129532
474000,5967300,-999,-999,29.44455,0.168539,211,3,13438.4258,48.054985,63.912636
472020,5967360,-999,-999,34.355286,0.00885,211,3,12059.291,46.15451,62.200592
473370,5967360,-999,-999,23.165222,0.44,231,4,12973.6738,48.86047,64.618736
472140,5967390,-999,-999,28.40567,0.28972,211,3,12115.6182,47.72823,63.608818
474150,5967420,-999,-999,28.235046,0.119048,211,3,13453.4531,48.317444,64.146332
473970,5967690,-999,-999,29.780212,-0.010101,211,3,13133.8682,48.300625,64.128418
471180,5967780,-999,-999,30.804626,0.009009,211,3,11197.1152,49.363819,65.073631
471900,5967840,-999,-999,30.804626,0.171171,243,2,11619.918,49.723366,65.377502
473310,5967870,-999,-999,44.219147,-0.00885,211,3,12552.0879,48.324883,64.150414
474210,5967870,-999,-999,28.101379,0.221053,211,3,13173.416,47.715549,63.611649
470550,5967930,-999,-999,28.424591,0.388889,243,2,10682.6963,49.223114,64.869377
472500,5967930,-999,-999,36.360565,0.046729,211,3,11964.9238,51.700638,67.080833
472860,5967930,-999,-999,33.346283,0.105691,243,2,12208.9316,50.342232,65.918152
472500,5967960,-999,-999,36.360565,0.078431,211,3,11943.5049,51.389732,66.818108
473790,5967990,-999,-999,23.615417,0.436364,231,4,12792.9863,48.287148,64.116364
474330,5967990,-999,-999,26.684906,0.302752,211,3,13173.8262,49.003342,64.747391
473370,5968080,-999,-999,41.301758,-0.008264,211,3,12438.1748,48.915024,64.669563
474360,5968080,-999,-999,30.292969,0.06422,211,3,13132.3604,49.485802,65.172142
468900,5968170,-999,-999,22.174988,0.410526,231,4,9528.4834,53.96207,68.754089
473220,5968170,-999,-999,39.337372,-0.032787,211,3,12270.1104,48.447166,64.26088
453300,5968350,-999,-999,24.614075,0.40678,231,4,6119.19092,48.295891,64.125076
470430,5968350,-999,-999,29.780212,0.096774,211,3,10279.6299,48.639374,64.447937
473130,5968350,-999,-999,34.858215,0.016667,211,3,12077.04,48.735058,64.512985
474210,5968380,-999,-999,27.199127,0.061728,211,3,12809.1572,48.221298,64.054001
474270,5968380,-999,-999,30.292969,0.152174,211,3,12830.6387,48.172363,64.019424
470160,5968440,-999,-999,30.292969,0.1,211,3,10040.7275,47.835464,63.737442
470730,5968470,-999,-999,27.717682,0.11828,211,3,10378.8291,50.887318,66.392265
472830,5968470,-999,-999,31.096436,0.138211,211,3,11785.2666,49.727341,65.384605
473190,5968470,-999,-999,33.092072,0.301887,211,3,12031.0469,49.294357,64.994057
474120,5968470,-999,-999,32.332947,0.04878,211,3,12688.9717,47.819168,63.701115
473880,5968530,-999,-999,24.406311,0.211538,211,3,12474.5176,48.289848,64.119667
459180,5968560,-999,-999,24.474976,0.359223,411,5,5372.01074,48.287025,64.116112
471720,5968560,-999,-999,25.113129,0.229167,243,2,10969.708,48.381893,64.232925
462600,5968620,-999,-999,21.252716,0.486239,211,3,6251.8877,57.996605,71.529587
467940,5968620,-999,-999,20.115326,0.342105,312,5,8611.72461,48.00399,63.898094
469620,5968620,-999,-999,26.158539,0.172414,211,3,9570.42285,47.530445,63.453789
462480,5968650,-999,-999,21.614288,0.425743,211,3,6185.53174,56.668213,70.56842
453210,5968680,-999,-999,20.448517,0.528455,231,4,5836.13721,47.70636,63.601517
470820,5968680,-999,-999,25.930786,0.176471,211,3,10275.9961,48.108292,63.924988
474420,5968680,-999,-999,28.235046,0.051724,211,3,12607.2119,47.875546,63.754059
474300,5968710,-999,-999,31.824615,-0.009524,211,3,12534.4365,47.939423,63.809605
463110,5968740,-999,-999,27.335236,0.321101,211,3,6318.54395,51.70575,67.104645
463170,5968770,-999,-999,27.127014,0.182796,211,3,6314.62598,50.693878,66.246635
467130,5968770,-999,-999,19.472809,0.390244,312,5,8039.32813,48.304146,64.151337
462510,5968800,-999,-999,25.639984,0.27619,211,3,6052.71826,50.369911,65.886467
462720,5968800,-999,-999,24.824799,0.358491,211,3,6120.66162,50.172863,65.787994
469980,5968860,-999,-999,30.292969,0.233645,211,3,9600.09375,48.125217,63.994255
472320,5968860,-999,-999,30.192139,0.27451,211,3,11153.9092,47.658611,63.569931
472800,5968860,-999,-999,28.79599,0.195876,211,3,11479.6563,47.262543,63.206818
467130,5968890,-999,-999,20.200958,0.410256,312,5,7938.3877,47.038254,63.025333
468960,5968920,-999,-999,28.759003,0.27907,211,3,8944.73047,44.275791,60.486687
473820,5968920,-999,-999,24.254852,0.512195,231,4,12161.8457,48.282143,64.112526
472170,5968950,-999,-999,29.412781,0.2,211,3,10986.9238,48.858734,64.632736
470040,5969010,-999,-999,29.780212,0.140187,211,3,9522.10547,48.138634,64.005569
453600,5969070,-999,-999,20.977753,0.438017,231,4,5341.09522,48.285301,64.116028
472500,5969070,-999,-999,26.360321,0.339286,211,3,11120.8994,47.411541,63.325359
462090,5969130,-999,-999,24.625977,0.414141,211,3,5600.44629,42.882404,59.138401
453030,5969160,-999,-999,24.371094,0.296296,211,3,5445.4751,48.284424,64.115387
471900,5969160,-999,-999,30.804626,0.142857,211,3,10650.8447,48.288544,64.138451
472470,5969310,-999,-999,28.715851,0.153846,211,3,10926.4678,48.058998,63.904495
472320,5969340,-999,-999,29.780212,0.178947,211,3,10801.042,45.735249,61.836998
474420,5969340,-999,-999,23.77002,0.491803,211,3,11998.875,48.281586,64.113609
471480,5969370,-999,-999,30.292969,0.094017,211,3,10217.3232,47.459442,63.416473
472290,5969370,-999,-999,29.266296,0.148515,211,3,10758.6289,47.661888,63.573795
465180,5969430,-999,-999,19.439575,0.367089,312,5,6520.4292,48.43008,64.281754
469020,5969430,-999,-999,21.888306,0.315789,312,5,8562.41211,48.601223,64.330032
469500,5969430,-999,-999,22.130371,0.392157,231,4,8855.08301,48.167446,64.013535
462120,5969490,-999,-999,20.126221,0.522124,211,3,5274.71338,47.506664,63.394081
465060,5969490,-999,-999,18.931732,0.350649,312,5,6413.05713,48.765278,64.576508
467340,5969520,-999,-999,19.430145,0.384615,312,5,7530.05957,47.735558,63.648064
463230,5969580,-999,-999,18.547058,0.5,311,5,5582.33838,43.310364,59.682022
471810,5969610,-999,-999,28.235046,0.122807,211,3,10255.6572,46.91103,62.903549
473400,5969610,-999,-999,24.611145,0.46789,412,5,11370.4746,48.278862,64.111595
474810,5969610,-999,-999,25.783386,0.227723,211,3,11915.251,48.278828,64.111588
464640,5969640,-999,-999,19.074707,0.460674,311,5,6093.17627,48.410652,64.268738
471750,5969640,-999,-999,27.45517,0.327434,211,3,10193.0273,46.91293,62.905827
472110,5969670,-999,-999,27.199127,0.132075,211,3,10417.4326,46.516872,62.54884
471870,5969700,-999,-999,27.717682,0.06422,211,3,10230.3955,46.902557,62.899361
474720,5969700,-999,-999,26.103424,0.24,211,3,11795.2275,48.277912,64.110909
471930,5969760,-999,-999,27.199127,0.072727,211,3,10227.9326,47.25388,63.212505
472380,5969760,-999,-999,29.158295,0.270833,211,3,10542.9834,47.417862,63.352978
468510,5969820,-999,-999,19.348328,0.454545,312,5,7948.18848,41.772007,58.393887
473520,5969820,-999,-999,24.961609,0.441441,231,4,11218.6367,48.276718,64.110016
471420,5969850,-999,-999,26.602905,0.188679,211,3,9816.00781,44.824879,61.012451
469410,5969940,-999,-999,25.919037,0.357798,242,2,8404.98047,48.178207,64.021515
472290,5969970,-999,-999,28.715851,0.287129,211,3,10331.0264,47.579388,63.490158
464700,5970000,-999,-999,20.259796,0.44086,211,3,5796.13672,45.241646,61.388432
467760,5970000,-999,-999,20.826569,0.333333,312,5,7380.24414,45.455788,61.582565
454860,5970090,-999,-999,22.123474,0.433962,231,4,3987.29224,48.27483,64.10836
464160,5970090,-999,-999,21.702942,0.391304,211,3,5487.70459,45.257912,61.400757
466140,5970120,-999,-999,19.549866,0.392405,312,5,6369.75684,49.21917,64.961906
470160,5970150,-999,-999,28.235046,0.066667,211,3,8742.41406,48.273514,64.106506
473130,5970210,-999,-999,22.228302,0.474747,412,5,10713.4023,48.272751,64.107101
472350,5970240,-999,-999,22.592285,0.546875,211,3,10186.668,47.960991,63.83213
463170,5970270,-999,-999,27.513489,0.365385,242,2,4926.03272,46.846031,62.837696
464820,5970270,-999,-999,21.821899,0.387755,211,3,5608.07471,50.61797,66.099556
466260,5970330,-999,-999,20.534424,0.390244,312,5,6257.06787,45.973484,62.06517
469350,5970330,-999,-999,22.967987,0.578125,231,4,8066.65381,48.273922,64.108261
458430,5970360,-999,-999,19.590454,0.5,411,5,3472.23267,48.271843,64.106224
457470,5970420,-999,-999,18.957245,0.52459,411,5,3330,48.584595,64.38076
464310,5970450,-999,-999,19.428162,0.54386,311,5,5219.82764,59.413216,72.130249
464820,5970450,-999,-999,19.960785,0.515152,311,5,5447.12744,54.335678,69.08474
463980,5970480,-999,-999,26.47525,0.346939,211,3,5058.53711,49.220322,64.942329
455550,5970540,-999,-999,26.134735,0.377358,211,3,3371.36475,48.276657,64.112289
470730,5970570,-999,-999,26.159973,0.203883,211,3,8819.43848,48.939281,64.69162
465120,5970600,-999,-999,20.206543,0.5,313,5,5447.87109,48.654514,64.483536
469110,5970600,-999,-999,23.597595,0.412844,231,4,7705.50439,47.864365,63.746284
467760,5970630,-999,-999,22.072083,0.388235,313,5,6856.09961,47.425373,63.355957
467550,5970660,-999,-999,20.090637,0.448276,312,5,6716.31592,47.613651,63.536812
469020,5970660,-999,-999,22.206177,0.428571,231,4,7601.61182,47.534359,63.447617
455790,5970690,-999,-999,31.289917,0.285714,211,3,3177.16846,48.275116,64.11116
463470,5970750,-999,-999,34.034027,0.225806,211,3,4615.32227,49.447929,65.143646
468840,5970750,-999,-999,20.032043,0.368421,312,5,7417.34473,48.207573,64.050957
472980,5970750,-999,-999,22.15799,0.485714,231,4,10155.8311,48.264015,64.099411
457080,5970840,-999,-999,21.348175,0.318182,242,2,2910,48.263809,64.099014
469080,5970840,-999,-999,19.709412,0.473684,313,5,7504.13867,48.269688,64.106094
474210,5970870,-999,-999,21.7146,0.487179,231,4,10519.6963,48.262775,64.098503
468390,5970930,-999,-999,21.748596,0.350649,312,5,6990.96582,48.990891,64.74556
471330,5970930,-999,-999,21.747925,0.46087,231,4,8973.41113,48.265461,64.101738
458040,5970990,-999,-999,20.640717,0.474576,411,5,2791.77368,47.582039,63.491966
456000,5971020,-999,-999,24.620575,0.320388,211,3,2812.33008,48.270645,64.10685
475260,5971020,-999,-999,38.84375,-0.04918,211,3,10868.1182,48.496452,64.311455
455970,5971080,-999,-999,25.2435,0.326531,211,3,2759.51074,48.429031,64.248337
474840,5971080,-999,-999,35.080841,0.191919,211,3,10623.9824,48.127346,63.986988
474960,5971080,-999,-999,39.829926,-0.042017,211,3,10679.4941,47.698669,63.604233
456480,5971110,-999,-999,27.761566,0.292035,211,3,2664.43237,48.267555,64.10434
470520,5971110,-999,-999,20.457275,0.425,313,5,8278.47852,48.273476,64.111427
462900,5971140,-999,-999,21.856628,0.466667,231,4,4024.92236,48.270119,64.097839
472230,5971140,-999,-999,23.581238,0.381818,231,4,9492.76074,48.260067,64.096497
469200,5971170,-999,-999,22.605713,0.46789,313,5,7341.72998,48.263088,64.09996
469860,5971170,-999,-999,20.525757,0.36,313,5,7795.67188,47.598648,63.509731
474840,5971200,-999,-999,32.840149,-0.008,211,3,10518.498,48.17778,64.031708
475500,5971230,-999,-999,27.654358,0.433333,211,3,10795.874,48.11058,63.967125
463350,5971260,-999,-999,29.63028,0.208333,242,2,4100.79248,53.786003,68.696037
452730,5971290,-999,-999,31.058441,0.223529,123,1,3576.92603,47.939766,63.811241
457200,5971290,-999,-999,20.223053,0.44086,243,2,2460,48.265675,64.102974
475470,5971320,-999,-999,28.751221,-0.018182,211,3,10702.6025,47.59779,63.510204
456300,5971410,-999,-999,23.9505,0.360825,211,3,2382.12085,48.545082,64.350494
462990,5971410,-999,-999,27.309113,0.276596,242,2,3813.65967,48.296654,64.007195
473310,5971410,-999,-999,23.547272,0.423423,231,4,9660.18652,48.256615,64.093231
453990,5971440,-999,-999,21.309814,0.333333,312,5,2978.92603,47.532646,63.452717
456180,5971440,-999,-999,23.112885,0.433962,211,3,2367.53027,48.270679,64.109192
475050,5971500,-999,-999,34.355286,-0.053435,211,3,10345.3037,48.192345,64.041939
463650,5971530,-999,-999,21.067627,0.538462,311,5,3962.95337,54.600895,69.47467
473730,5971530,-999,-999,23.84494,0.327103,231,4,9717.96289,48.256062,64.093575
475440,5971530,-999,-999,37.356903,-0.056911,211,3,10504.6699,48.003078,63.872002
454800,5971560,-999,-999,21.619781,0.376623,312,5,2599.46143,48.272778,64.112
463020,5971560,-999,-999,26.444489,0.3,242,2,3690.12207,48.89019,64.386627
466890,5971560,-999,-999,21.130951,0.351351,312,5,5603.25781,48.39933,64.23027
471210,5971560,-999,-999,22.291077,0.425926,231,4,8453.50781,48.26228,64.100685
458100,5971590,-999,-999,25.392944,0.363636,243,2,2206.58106,48.259338,64.097046
458130,5971590,-999,-999,24.474976,0.291667,243,2,2210.45239,48.259335,64.097038
459210,5971590,-999,-999,18.136841,-0.050847,411,5,2408.42261,48.256031,64.093338
474570,5971650,-999,-999,33.346283,-0.057971,211,3,9994.81836,48.515465,64.325333
475440,5971650,-999,-999,33.851318,0.04065,211,3,10397.7158,48.407173,64.230011
456150,5971680,-999,-999,21.13736,0.411765,312,5,2135.90723,48.276756,64.113106
475200,5971680,-999,-999,33.851318,-0.053435,211,3,10257.0176,47.598663,63.512253
458460,5971710,-999,-999,19.850006,0.421687,243,2,2147.04443,48.258087,64.09613
475710,5971710,-999,-999,30.292969,0.0625,242,2,10468.2373,48.996964,64.751015
453720,5971740,-999,-999,20.16922,0.46988,312,5,2780.95313,48.267792,64.107025
454350,5971770,-999,-999,20.731842,0.358974,312,5,2542.75439,48.267441,64.106789
458730,5971770,-999,-999,19.196442,0.409091,312,5,2135.90723,48.257462,64.09568
474870,5971830,-999,-999,31.824615,-0.015873,211,3,9969.4834,48.262665,64.102295
455400,5971860,-999,-999,21.357117,0.350649,312,5,2139.27564,48.20826,64.055351
452790,5971890,-999,-999,34.118958,0.136364,123,1,2997.74927,48.894135,64.658417
465720,5971890,-999,-999,19.2948,0.5,313,5,4659.66748,47.731266,63.580791
452550,5971980,-999,-999,32.840149,0.148515,123,1,2998.79981,48.442322,64.262428
475020,5971980,-999,-999,32.332947,0.081081,211,3,9907.45215,47.829407,63.718212
452400,5972010,-999,-999,30.75412,-0.070175,123,1,3025.39258,48.316296,64.143585
454710,5972040,-999,-999,25.051636,0.291139,312,5,2172.67114,48.512409,64.323586
474600,5972130,-999,-999,32.332947,0.115044,211,3,9579.39941,47.517258,63.438766
475290,5972160,-999,-999,32.840149,-0.009009,211,3,9874.92285,48.258301,64.098206
474690,5972190,-999,-999,33.346283,0.027523,211,3,9567.03711,47.82074,63.708603
472170,5972220,-999,-999,22.114899,0.504,243,2,8494.02734,48.255524,64.095734
475740,5972220,-999,-999,30.804626,0.052632,211,3,10035.7061,48.27211,64.111443
451290,5972280,-999,-999,32.332947,-0.075269,123,1,3237.36011,50.109505,65.714134
451740,5972280,-999,-999,25.636444,-0.188406,123,1,3019.43701,48.959633,64.714111
468870,5972310,-999,-999,20.863953,0.407407,313,5,6286.12744,47.693573,63.600132
456000,5972340,-999,-999,30.292969,0.111111,122,1,1519.07861,48.26152,64.102463
451680,5972400,-999,-999,30.804626,0.135135,123,1,2938.46899,48.254745,64.094849
452160,5972400,-999,-999,31.035736,0.155963,123,1,2746.43408,48.254707,64.094833
475050,5972400,-999,-999,31.315216,0.025641,211,3,9552.49219,47.902874,63.783386
464220,5972430,-999,-999,19.619965,0.479167,311,5,3409.45752,52.242638,67.494537
463620,5972460,-999,-999,18.990112,0.509804,311,5,3112.6355,43.289585,59.461304
451710,5972490,-999,-999,30.804626,0.212121,123,1,2844.78467,48.253826,64.094177
462210,5972520,-999,-999,19.993408,0.533333,411,5,2482.0354,47.562691,63.477489
468840,5972520,-999,-999,21.835266,0.457944,231,4,6107.70801,48.988865,64.74501
454140,5972550,-999,-999,33.901733,0.142857,122,1,1878.77625,48.262012,64.103325
454650,5972550,-999,-999,32.708771,0.139241,122,1,1707.62988,48.259468,64.100929
470460,5972550,-999,-999,24.351044,0.391304,211,3,7236.22119,48.258678,64.100594
473190,5972550,-999,-999,21.913147,0.423423,231,4,8565.72266,48.245678,64.085938
453630,5972580,-999,-999,25.113129,0.325,122,1,2040.8822,48.259235,64.100754
469530,5972580,-999,-999,23.406311,0.457627,231,4,6533.6665,48.258408,64.100388
466110,5972610,-999,-999,20.680908,0.352113,312,5,4301.62744,48.579369,64.389748
454710,5972640,-999,-999,24.210663,0.365854,122,1,1603.52734,48.518436,64.328224
471840,5972640,-999,-999,23.368622,0.391304,242,2,7988.11621,48.256336,64.097641
465690,5972760,-999,-999,20.23587,0.478261,313,5,3930.45801,46.383858,62.389168
470880,5972760,-999,-999,27.124237,0.333333,211,3,7403.43848,48.093033,63.954899
474300,5972760,-999,-999,28.479462,0.214953,211,3,8881.82422,48.249969,64.091682
453240,5972820,-999,-999,22.755249,0.282051,112,2,1966.54517,47.642803,63.55368
466200,5972820,-999,-999,19.995697,0.392405,312,5,4169.24463,47.394222,63.336567
474360,5972820,-999,-999,24.658264,0.473684,231,4,8855.8457,48.249359,64.091232
457740,5972850,-999,-999,22.322144,0.333333,312,5,907.964783,48.257004,64.099266
474720,5972850,-999,-999,26.007629,0.102362,231,4,9001.25,48.817001,64.58989
457980,5972880,-999,-999,21.172089,0.351351,312,5,912.414368,48.252659,64.094711
464730,5972880,-999,-999,19.654877,0.435294,313,5,3286.60913,53.558811,68.497261
476160,5972880,-999,-999,32.332947,0.117117,211,3,9654.31543,48.267494,64.109009
472650,5972940,-999,-999,22.200165,0.484375,231,4,7994.25439,48.462742,64.27401
475530,5972940,-999,-999,27.717682,0.093023,211,3,9304.11231,48.267502,64.112282
468180,5973000,-999,-999,24.57547,0.407407,231,4,5311.60986,48.26387,64.108246
475980,5973000,-999,-999,30.804626,0.078431,211,3,9473.7793,48.553844,64.366333
475920,5973030,-999,-999,30.292969,0.104762,211,3,9420.42969,48.560196,64.373573
473730,5973060,-999,-999,24.948456,0.218391,211,3,8354.07129,48.246925,64.089447
476280,5973060,-999,-999,30.292969,0.099099,211,3,9533.11035,47.512802,63.435452
476490,5973060,-999,-999,22.354431,0.46087,231,4,9616.3457,48.397781,64.222275
451620,5973090,-999,-999,26.438751,-0.060241,123,1,2382.12085,47.646286,63.553143
474600,5973090,-999,-999,22.329315,0.474576,231,4,8733.29883,48.246605,64.089218
471630,5973150,-999,-999,26.391846,0.333333,242,2,7437.70117,47.61438,63.530327
464100,5973270,-999,-999,19.664734,0.535354,313,5,2619.63745,53.795856,68.695831
469470,5973300,-999,-999,20.562531,0.384615,312,5,5997.14941,48.256618,64.094376
469800,5973300,-999,-999,25.760803,0.449541,231,4,6241.87451,48.251049,64.094994
475350,5973300,-999,-999,28.996246,0.326923,211,3,8901.91504,48.766781,64.55159
465960,5973360,-999,-999,19.771759,0.478261,313,5,3586.22363,52.580711,67.816612
473160,5973360,-999,-999,26.115021,0.300971,211,3,7821.77734,48.243881,64.087196
475380,5973360,-999,-999,28.19162,0.208333,211,3,8863.97168,46.831047,62.833389
453990,5973390,-999,-999,20.500366,0.35,312,5,1154.51294,48.253983,64.098114
475410,5973390,-999,-999,25.855438,0.357798,211,3,8852.49121,47.026722,63.006142
477720,5973390,-999,-999,22.855896,0.467742,231,4,9716.75879,48.237022,64.079643
476760,5973450,-999,-999,25.155334,0.364486,231,4,9354.03613,48.939587,64.701454
460620,5973480,-999,-999,21.136261,0.468085,313,5,1015.13544,48.24316,64.086487
468900,5973480,-999,-999,22.22879,0.342466,312,5,5453.81494,48.265415,64.111954
452850,5973510,-999,-999,28.751221,0.098592,123,1,1461.09546,47.538734,63.460243
453300,5973510,-999,-999,32.840149,0.204545,123,1,1303.87878,48.34523,64.17701
462270,5973510,-999,-999,19.531525,0.483871,311,5,1609.96899,48.302074,64.138687
475560,5973540,-999,-999,25.636444,0.215686,211,3,8797.93164,48.94735,64.710503
476520,5973540,-999,-999,25.586151,0.401869,231,4,9190.23926,48.251225,64.095894
457890,5973570,-999,-999,21.309814,0.342105,312,5,218.40329,47.070599,63.04401
474930,5973570,-999,-999,29.266296,0.111111,211,3,8461.91504,48.362648,64.195786
452610,5973600,-999,-999,41.790375,-0.153846,123,1,1465.401,47.565758,63.484444
465210,5973600,-999,-999,19.584381,0.494505,313,5,2970.60596,46.383705,62.393898
474810,5973690,-999,-999,29.266296,0.052632,211,3,8298.67481,47.638496,63.550873
458730,5973720,-999,-999,23.71933,0.364706,312,5,228.47319,48.38755,64.221481
455490,5973780,-999,-999,23.651306,0.291139,312,5,276.586334,48.250107,64.095367
464610,5973780,-999,-999,20.032043,0.368421,312,5,2471.31543,47.590813,63.518272
465180,5973780,-999,-999,19.693481,0.478261,313,5,2811.68994,44.474689,60.719505
474570,5973780,-999,-999,23.05069,0.439252,231,4,8105.38721,48.238449,64.082733
475950,5973780,-999,-999,28.176361,0.214953,211,3,8741.53906,47.694321,63.601349
477210,5973780,-999,-999,31.824615,0.052632,211,3,9183.33301,48.597664,64.400421
453240,5973840,-999,-999,37.356903,0.013699,123,1,1015.13544,48.243179,64.087685
473310,5973870,-999,-999,29.780212,0.097345,211,3,7442.17725,48.970512,64.729897
473370,5973900,-999,-999,30.292969,0.145455,211,3,7445.86475,48.819176,64.595963
473760,5973930,-999,-999,26.369446,0.105263,211,3,7594.26758,47.548271,63.47068
472920,5973960,-999,-999,29.905365,0.271028,211,3,7178.0918,48.160709,64.017647
473670,5973990,-999,-999,23.576355,0.539568,211,3,7499.87988,48.180676,64.03112
452760,5974020,-999,-999,22.478394,-0.178571,123,1,1020.4411,48.231689,64.075378
453390,5974020,-999,-999,36.360565,0.014925,123,1,797.119812,48.414104,64.239822
476520,5974020,-999,-999,27.281616,0.351852,211,3,8737.41992,48.243546,64.089569
459780,5974050,-999,-999,20.892334,0.438202,312,5,201.246124,50.046761,65.660782
477420,5974050,-999,-999,27.170197,0.313131,231,4,8994.49805,48.365635,64.183609
467130,5974080,-999,-999,20.525757,0.394737,313,5,3807.16431,47.770195,63.685917
470850,5974080,-999,-999,23.474518,0.333333,312,5,6300.28564,48.199974,64.050621
473670,5974080,-999,-999,26.597626,0.214953,211,3,7419.71045,48.242176,64.088188
476550,5974080,-999,-999,28.668243,0.219048,211,3,8689.95996,48.242931,64.089111
462840,5974110,-999,-999,22.231171,0.504762,231,4,1288.25464,48.246319,64.092697
473040,5974110,-999,-999,34.360504,0.25,211,3,7101.38721,48.109791,63.968277
469530,5974140,-999,-999,20.310547,0.44186,312,5,5473.00635,48.796047,64.578529
475590,5974170,-999,-999,31.315216,0.057851,211,3,8245.14356,48.242035,64.088448
453000,5974200,-999,-999,30.830566,-0.039216,123,1,764.852905,47.737755,63.638035
477390,5974230,-999,-999,31.315216,-0.018868,231,4,8814.74316,47.489952,63.419037
462930,5974260,-999,-999,24.770111,0.347368,142,2,1194.36169,48.244781,64.091553
462840,5974290,-999,-999,26.317932,0.037594,112,2,1127.29761,48.244476,64.091331
477330,5974290,-999,-999,34.858215,0.034483,211,3,8738.24316,48.244064,64.091103
476640,5974320,-999,-999,28.457764,0.307692,211,3,8490.84766,48.278137,64.121429
475470,5974380,-999,-999,26.792175,0.285714,231,4,8004.99853,48.219677,64.068184
473220,5974440,-999,-999,26.340271,0.315315,211,3,6896.08594,48.223808,64.072693
477450,5974470,-999,-999,30.804626,0.137255,211,3,8609.58203,48.708912,64.505783
475890,5974500,-999,-999,34.039642,0.16,211,3,8056.82959,48.739182,64.526749
474960,5974530,-999,-999,25.192139,0.254902,211,3,7640.34668,48.202789,64.050171
476910,5974560,-999,-999,25.520233,0.34,243,2,8348.41309,48.231285,64.079269
467520,5974620,-999,-999,21.166595,0.333333,312,5,3669.94556,46.393524,62.449371
471810,5974620,-999,-999,22.268707,0.478992,231,4,6123.60205,48.231068,64.077774
461310,5974650,-999,-999,20.685486,0.504762,313,5,174.928558,48.240894,64.088699
475770,5974650,-999,-999,31.824615,0.066667,211,3,7870.98486,47.544121,63.465752
477570,5974650,-999,-999,27.766693,0.364486,211,3,8483.7959,47.829079,63.726536
465600,5974710,-999,-999,19.445526,0.333333,313,5,2300.82593,49.196861,64.965164
466290,5974770,-999,-999,19.950897,0.368421,311,5,2736.58545,49.756641,65.440674
468570,5974770,-999,-999,21.744965,0.361111,312,5,4348.24121,47.020432,63.011963
475680,5974800,-999,-999,33.093597,0.203704,211,3,7697.44092,48.641907,64.441391
475950,5974860,-999,-999,32.51825,0.236364,211,3,7752.43164,48.642128,64.440567
462870,5974890,-999,-999,26.410736,0.373913,112,2,603.738342,48.235954,64.0839
474330,5974890,-999,-999,27.199127,0.292929,211,3,7018.20508,48.06517,63.932289
474690,5974920,-999,-999,29.567749,0.25,211,3,7167.23779,48.503979,64.316589
477690,5974920,-999,-999,30.804626,0.333333,211,3,8273.09473,48.93531,64.703125
463650,5974980,-999,-999,23.190643,0.333333,142,2,941.54126,47.407185,63.317787
475770,5975010,-999,-999,30.087585,0.240741,211,3,7543.07617,48.55526,64.365082
478170,5975010,-999,-999,29.266296,0.106796,211,3,8361.87793,49.434658,65.141472
464400,5975040,-999,-999,22.803925,0.324675,312,5,1339.62683,46.907261,62.922733
470730,5975040,-999,-999,22.349335,0.490909,231,4,5359.1792,48.230045,64.0783
473670,5975040,-999,-999,24.29892,0.377358,231,4,6574.38232,48.223507,64.070953
476430,5975040,-999,-999,23.362152,0.431193,243,2,7741.27881,48.233147,64.081924
477150,5975040,-999,-999,30.20517,0.309091,211,3,7971.19824,48.730324,64.520241
464520,5975070,-999,-999,21.309814,0.342105,312,5,1373.79041,46.937309,62.944374
466890,5975100,-999,-999,21.063507,0.462366,311,5,2885.30762,51.369495,66.753227
464190,5975160,-999,-999,21.947693,0.323944,112,2,1123.29871,42.469093,58.830956
463710,5975220,-999,-999,25.113129,0.244444,112,2,774.20929,47.443184,63.37648
473130,5975220,-999,-999,21.880859,0.441441,231,4,6159.06641,48.221687,64.069611
469800,5975250,-999,-999,22.44986,0.418605,312,5,4882.26367,50.186684,65.78006
473880,5975250,-999,-999,24.153137,0.418182,231,4,6483.67969,48.221363,64.069382
477540,5975280,-999,-999,31.424103,0.309091,211,3,7883.20996,48.240383,64.091118
476790,5975430,-999,-999,32.332947,0.126214,211,3,7485.16553,48.231861,64.082062
477750,5975430,-999,-999,29.266296,0.225225,211,3,7819.93603,48.242081,64.093651
475710,5975460,-999,-999,25.211029,0.357798,211,3,7106.51807,47.49992,63.42746
476490,5975490,-999,-999,25.62973,0.377358,211,3,7333.32813,48.030895,63.90258
476790,5975580,-999,-999,28.235046,0.207547,211,3,7342.83301,48.382233,64.216156
477690,5975610,-999,-999,31.315216,0.103448,211,3,7630.26855,48.236252,64.087776
473070,5975640,-999,-999,26.158539,0.010989,211,3,5760.70313,48.864899,64.637863
476460,5975640,-999,-999,27.199127,0.129412,211,3,7181.53906,48.727406,64.518028
476250,5975700,-999,-999,26.679413,0.212766,211,3,7058.229,48.222439,64.072662
476250,5975730,-999,-999,26.582184,0.314286,211,3,7029.80078,48.815815,64.594467
477690,5975760,-999,-999,27.24762,0.371429,211,3,7489.49268,47.754013,63.659237
478890,5975760,-999,-999,27.710938,0.355932,211,3,7953.22559,51.505318,66.926102
472740,5975790,-999,-999,27.199127,0.012346,211,3,5473.91064,48.843895,64.621277
475170,5975790,-999,-999,20.257111,0.469388,311,5,6586.34961,48.21582,64.065338
475890,5975850,-999,-999,23.9505,0.272727,231,4,6802.06592,47.482529,63.414513
477060,5975850,-999,-999,30.804626,0.084112,211,3,7181.1001,47.634064,63.551064
473190,5975940,-999,-999,27.717682,-0.02439,211,3,5555.18652,48.943859,64.708168
476100,5975970,-999,-999,26.722382,0.383178,211,3,6754.73145,48.044197,63.914349
473400,5976000,-999,-999,26.679413,-0.012346,211,3,5595.94482,48.039253,63.909031
477630,5976120,-999,-999,24.180298,0.409524,211,3,7131.48633,48.81369,64.594109
476940,5976150,-999,-999,36.859283,0.102804,211,3,6858.00244,48.231514,64.084595
477780,5976180,-999,-999,24.082336,0.391304,211,3,7130.91846,48.221497,64.073395
479310,5976180,-999,-999,21.795013,0.358025,313,5,7657.99561,49.405777,65.084244
472920,5976210,-999,-999,26.094849,0.170213,242,2,5191.38721,48.307495,64.152481
473190,5976210,-999,-999,27.199127,0.011494,211,3,5312.96533,48.222168,64.073166
477930,5976210,-999,-999,31.803253,0.176471,211,3,7161.52197,48.894341,64.665543
477990,5976270,-999,-999,34.549561,0.166667,211,3,7130.79248,47.887997,63.777149
472950,5976360,-999,-999,25.636444,0.076923,211,3,5072.04102,48.232819,64.086761
467130,5976390,-999,-999,19.240051,0.402597,311,5,2185.06299,44.18092,60.386757
474570,5976420,-999,-999,24.637299,0.466667,231,4,5775.29199,48.209499,64.060394
478050,5976480,-999,-999,33.010956,0.267857,242,2,6960.58203,47.973736,63.853889
475860,5976570,-999,-999,21.634766,0.373494,313,5,6109.5498,48.283733,64.125656
478620,5976600,-999,-999,26.158539,-0.013699,211,3,7071.66895,46.945824,62.937965
468630,5976690,-999,-999,20.905243,0.438202,313,5,3092.3291,51.149776,66.652695
477480,5976750,-999,-999,27.717682,-0.031579,211,3,6490.06152,48.215706,64.06897
478560,5976750,-999,-999,26.158539,0,211,3,6910.1665,48.215668,64.06913
477180,5976810,-999,-999,27.199127,0.011765,211,3,6328.50684,48.218311,64.072327
476490,5976840,-999,-999,38.349213,0.009009,211,3,6054.05664,48.40316,64.234329
476940,5976900,-999,-999,39.337372,0.009901,211,3,6155.92383,48.217403,64.071655
469410,5976930,-999,-999,20.090637,0.489796,311,5,3157.84741,49.844296,65.514481
477240,5976930,-999,-999,26.679413,-0.04878,211,3,6236.03223,48.869896,64.645508
472080,5976990,-999,-999,22.957428,0.442308,243,2,4105.61816,48.20689,64.06002
472980,5976990,-999,-999,29.266296,0.092593,211,3,4525.22949,47.549217,63.480724
476790,5977020,-999,-999,37.356903,-0.018519,211,3,5990.16699,48.216003,64.07029
467130,5977050,-999,-999,20.109314,0.489362,311,5,1739.48267,48.058689,63.969078
476520,5977230,-999,-999,32.840149,-0.027523,211,3,5699.21045,48.214039,64.069191
477690,5977260,-999,-999,35.360077,0.007874,211,3,6101.81103,48.25528,64.10495
479490,5977260,-999,-999,31.344879,0.221053,211,3,6678.75732,48.225098,64.078583
477390,5977320,-999,-999,35.360077,0,211,3,5928.5498,47.492233,63.424347
477270,5977410,-999,-999,31.824615,0.034483,211,3,5799.39648,47.747181,63.652878
474240,5977440,-999,-999,36.360565,0.063063,211,3,4707.70654,49.236027,64.969688
472350,5977470,-999,-999,21.228485,0.425532,243,2,3810.47241,47.983509,63.858875
473910,5977470,-999,-999,30.00415,0.183673,211,3,4551.40625,49.452911,65.150253
479610,5977470,-999,-999,27.744965,0.188119,211,3,6517.46094,48.031303,63.90419
473430,5977500,-999,-999,28.993073,0.24,211,3,4307.69092,48.378548,64.215736
477000,5977500,-999,-999,34.355286,0.024,211,3,5618.25586,48.200558,64.054436
473730,5977530,-999,-999,26.452209,0.33945,211,3,4427.92285,49.703762,65.376633
474570,5977530,-999,-999,31.315216,0.111111,243,2,4752.13623,48.53212,64.351257
467640,5977560,-999,-999,20.173798,0.414634,313,5,1776.09119,50.122875,65.795815
474090,5977620,-999,-999,30.974518,0.237113,211,3,4483.97168,49.748283,65.42321
479220,5977740,-999,-999,27.305939,0.288462,243,2,6138.57471,48.202339,64.058044
471210,5977770,-999,-999,19.275238,-0.130435,312,5,3014.96265,48.198765,64.054169
475650,5977770,-999,-999,34.858215,0.037037,211,3,4904.70166,46.907997,62.906212
475710,5977770,-999,-999,36.360565,-0.00885,211,3,4923.74853,47.530373,63.465485
476970,5977770,-999,-999,24.063751,0.544828,211,3,5354.64307,48.898239,64.668884
478440,5977950,-999,-999,29.62384,0.102804,211,3,5718.99463,48.196964,64.052818
478050,5977980,-999,-999,35.360077,0.150442,211,3,5579.83887,48.878578,64.653732
475050,5978010,-999,-999,30.343292,0.235294,211,3,4488.08398,48.090961,63.959625
477150,5978010,-999,-999,37.853577,-0.050847,211,3,5199.78857,48.232849,64.087036
473040,5978070,-999,-999,24.697327,0.436893,243,2,3619.57178,50.942608,66.44812
479430,5978070,-999,-999,20.1745,0.5,242,2,5891.39209,48.190891,64.043518
473010,5978100,-999,-999,24.637299,0.388889,243,2,3578.05811,50.752167,66.272331
467550,5978130,-999,-999,20.337433,0.417722,313,5,1317.953,40.947765,57.738327
477630,5978130,-999,-999,40.812103,-0.009901,211,3,5281.36328,48.20047,64.057449
468510,5978250,-999,-999,21.019104,0.407407,312,5,1653.26953,47.376545,63.175598
477450,5978280,-999,-999,41.790375,-0.012048,211,3,5072.83936,48.535801,64.351219
478470,5978310,-999,-999,33.851318,-0.036364,211,3,5378.12256,48.196529,64.05378
478110,5978340,-999,-999,37.853577,-0.042017,211,3,5260.61768,48.196224,64.053558
476880,5978430,-999,-999,20.867767,0.566434,211,3,4707.70654,48.150734,64.014191
477960,5978430,-999,-999,40.321503,-0.010309,211,3,5126.40234,48.195313,64.052887
477180,5978460,-999,-999,37.356903,-0.042017,211,3,4797.93701,47.954468,63.839878
478110,5978520,-999,-999,37.356903,-0.048387,211,3,5086.30518,48.197624,64.055878
475080,5978550,-999,-999,24.824921,0.235294,211,3,3984.46997,47.474525,63.41188
476280,5978550,-999,-999,32.840149,-0.016667,211,3,4378.86963,48.194977,64.048141
477600,5978580,-999,-999,37.356903,-0.012048,211,3,4853.14355,48.328579,64.168694
479130,5978610,-999,-999,27.199127,0.106796,211,3,5284.17432,48.570419,64.383331
477330,5978700,-999,-999,39.337372,-0.026087,211,3,4640.79736,48.305626,64.151253
474930,5978760,-999,-999,29.94986,0.247525,211,3,3737.86035,49.263855,64.992813
477990,5978760,-999,-999,31.58844,0.185185,211,3,4824.03369,47.619019,63.540539
472200,5978820,-999,-999,22.085663,0.363636,243,2,2549.11743,47.4687,63.434845
467160,5978880,-999,-999,20.072571,0.483871,311,5,509.116882,44.03228,60.408375
478170,5978880,-999,-999,21.360809,0.571429,211,3,4751.47363,48.193943,64.053169
477600,5978940,-999,-999,31.824615,0.145631,211,3,4523.53857,48.193298,64.052444
477900,5979030,-999,-999,31.170349,0.196078,211,3,4540.31934,48.189186,64.048386
478380,5979030,-999,-999,20.93454,0.558621,211,3,4660.82617,48.19241,64.052048
470850,5979060,-999,-999,20.810486,0.472527,313,5,1705.7843,47.348724,63.315453
474660,5979090,-999,-999,20.777863,0.443299,512,6,3339.85034,48.178383,64.035873
469080,5979180,-999,-999,20.295776,0.452381,313,5,902.496521,47.599312,63.471249
471660,5979180,-999,-999,23.477661,0.419355,211,3,1972.25757,49.46349,65.160637
475200,5979210,-999,-999,27.273682,0.27619,211,3,3396.49829,48.589287,64.402832
477930,5979300,-999,-999,25.319092,0.415929,211,3,4286.22217,48.543968,64.360878
468270,5979360,-999,-999,21.471863,0.444444,311,5,517.88031,48.736332,64.522713
478710,5979360,-999,-999,29.266296,0.016129,211,3,4440.20264,48.345387,64.189476
478140,5979390,-999,-999,29.726288,0.184466,211,3,4249.5293,48.182281,64.04203
472800,5979420,-999,-999,20.457275,0.392405,312,5,2322.43408,46.883621,62.917015
477120,5979420,-999,-999,19.812286,0.018182,512,6,3894.22656,47.970169,63.851463
479850,5979420,-999,-999,29.266296,0.094737,211,3,4754.50293,49.450966,65.151573
478680,5979450,-999,-999,27.199127,0.024793,211,3,4345.34228,48.194592,64.056213
477720,5979480,-999,-999,28.235046,0.083333,211,3,4060.20947,48.191063,64.05233
478050,5979510,-999,-999,28.235046,0.076923,211,3,4110.98535,48.174744,64.028717
478440,5979510,-999,-999,20.348816,0.566434,211,3,4220.52148,48.189392,64.050499
478950,5979510,-999,-999,31.824615,0.008403,211,3,4373.52246,48.193974,64.055771
479130,5979510,-999,-999,31.824615,0.008547,211,3,4430.36133,48.065353,63.941006
478950,5979540,-999,-999,31.824615,0.017241,211,3,4345.13525,48.193794,64.055595
478080,5979570,-999,-999,27.717682,0.145631,211,3,4060.20947,48.738144,64.530121
471450,5979630,-999,-999,34.108551,0.142857,211,3,1475.80481,46.797661,62.816376
477870,5979630,-999,-999,27.717682,0.12,211,3,3952.03735,47.698738,63.61377
469980,5979660,-999,-999,19.548126,0.5,313,5,764.852905,42.961365,59.33432
477930,5979660,-999,-999,28.960907,0.223301,211,3,3937.32153,47.842422,63.741676
478980,5979660,-999,-999,31.315216,0.008547,211,3,4240.625,48.285004,64.136566
478020,5979690,-999,-999,29.078094,0.211538,211,3,3929.08398,48.182457,64.043442
477780,5979780,-999,-999,28.236298,0.252336,211,3,3783.80762,47.809387,63.711113
475320,5979810,-999,-999,30.804626,0.038462,211,3,2865.2749,49.500885,65.205429
478830,5979840,-999,-999,29.266296,0.051724,211,3,4022.46191,48.18325,64.044487
470040,5979900,-999,-999,20.072571,0.5,313,5,595.482971,48.584026,64.223419
473100,5979900,-999,-999,21.309814,0.333333,312,5,1999.22485,48.09639,63.988735
476220,5979900,-999,-999,31.669647,0.213483,211,3,3097.41821,48.177666,64.033302
472650,5979960,-999,-999,19.812286,0,312,5,1772.79443,48.630032,64.408974
479850,5979960,-999,-999,29.780212,0.092784,211,3,4250.7998,47.453194,63.394363
478830,5979990,-999,-999,23.583588,0.538462,211,3,3880.21899,48.356564,64.19944
479700,5980020,-999,-999,25.636444,0.1,211,3,4139.78272,47.478867,63.417114
479130,5980110,-999,-999,30.292969,0,211,3,3861.15259,48.191086,64.054939
475350,5980200,-999,-999,28.235046,0.140351,211,3,2507.10986,49.550018,65.235634
477120,5980200,-999,-999,18.197174,-0.125,512,6,3175.46851,48.167568,64.028641
471990,5980230,-999,-999,21.219055,0.350649,312,5,1221.18799,52.675983,67.84269
479190,5980230,-999,-999,31.824615,0,211,3,3767.71826,48.189869,64.054047
479580,5980260,-999,-999,21.192902,0.478992,231,4,3872.90601,47.926281,63.81321
479850,5980320,-999,-999,22.456543,0.428571,231,4,3920.36987,48.172768,64.035057
475290,5980380,-999,-999,28.27594,0.240741,211,3,2317.58496,48.206512,64.062401
470610,5980440,-999,-999,22.591064,0.295775,312,5,375.898926,47.974182,63.881046
472050,5980470,-999,-999,20.727966,0.342857,312,5,1046.5658,46.020187,61.996712
477030,5980470,-999,-999,18.197174,-0.142857,512,6,2891.53931,48.164806,64.026611
475230,5980530,-999,-999,25.41861,0.269231,211,3,2156.03809,47.447086,63.373627
479970,5980530,-999,-999,23.738861,0.496063,231,4,3774.04297,47.92326,63.811256
477630,5980590,-999,-999,20.348083,0.15625,512,6,2962.87012,48.163578,64.025703
478500,5980710,-999,-999,29.780212,0.145631,211,3,3092.76587,48.195499,64.05732
472950,5980740,-999,-999,21.675018,0.489796,311,5,1166.91907,52.87355,68.016373
479340,5980920,-999,-999,29.160858,0.16,211,3,3170.64673,49.127316,64.878998
479130,5981010,-999,-999,27.199127,0.012346,211,3,3017.05151,48.072098,63.949974
480210,5981100,-999,-999,24.069946,0.3,211,3,3364.81787,47.973652,63.852432
479790,5981190,-999,-999,31.315216,0.081633,211,3,3099.45166,49.566139,65.256081
477870,5981250,-999,-999,18.197174,-0.125,512,6,2390.98315,48.156837,64.02076
473940,5981400,-999,-999,19.428162,0.537037,311,5,924.175293,51.150818,66.654907
472650,5981460,-999,-999,21.259277,0.342857,312,5,390,47.2556,63.246292
472740,5981520,-999,-999,20.777863,0.333333,312,5,362.491394,50.830578,66.404205
473310,5981580,-999,-999,20.413208,0.410256,313,5,540.832703,48.263714,64.161606
473160,5981760,-999,-999,20.23587,0.460674,313,5,323.109894,46.59639,62.648682
475950,5981790,-999,-999,19.565216,0.494949,311,5,1261.42773,48.831467,64.615181
475770,5982090,-999,-999,19.938446,0.39759,312,5,913.892761,48.2211,64.080498
476910,5982540,-999,-999,19.223724,0.44898,312,5,894.986023,49.097809,64.850304
475410,5982600,-999,-999,19.601135,0.484536,312,5,295.465729,47.068298,62.916641
477060,5982690,-999,-999,20.038177,0.510204,312,5,787.464294,48.144028,64.011383
478500,5982750,-999,-999,21.710968,0.358025,312,5,1166.91907,48.14397,64.011772
479130,5982780,-999,-999,24.998199,0.339623,231,4,1381.95508,48.141205,64.009293
477090,5983260,-999,-999,20.299042,0.444444,312,5,241.867737,48.633568,64.446472
478710,5983500,-999,-999,21.748596,0.358974,312,5,550.726807,48.14032,64.011215
478740,5983680,-999,-999,25.592773,0.246753,312,5,402.492249,48.448627,64.283829
478710,5983920,-999,-999,22.51767,0.307692,312,5,174.928558,48.136028,64.008064
481620,5984310,-999,-999,24.763214,0.376344,411,5,1189.83191,48.128784,64.001488
483030,5984400,-999,-999,20.138794,0.308642,411,5,1832.21179,48.124638,63.997169
482730,5984550,-999,-999,21.596954,0.406593,312,5,1531.17603,48.783737,64.577873
480330,5984610,-999,-999,20.877411,0.431818,313,5,308.868896,48.12896,64.002892
481350,5984610,-999,-999,19.410156,0.542857,313,5,792.590698,48.128952,64.002899
483150,5984850,-999,-999,21.871704,0.443478,411,5,1574.92859,48.120041,63.993793
484080,5985360,-999,-999,24.829468,0.380531,231,4,2068.47778,48.114822,63.989971
484080,5985960,-999,-999,19.601135,0.468085,311,5,1952.07581,48.1087,63.985466
470130,5977440,-999,-999,20.578796,0.518519,312,5,2893.8728,52.204243,67.502731
