X,Y,2000-04-08_TPZ,2000-04-08_NDVI,2001-05-13_TPZ,2001-05-13_NDVI,CLC06,CLC06_wiosna,odl_od_morza,InsCalk_2000-04,InsCalk_2001-05
472470,5963940,15.082031,0.068966,25.386902,0.022556,411,5,15036.7051,51.891983,73.31913
473700,5964570,14.102753,0.284211,22.714355,0.186813,312,4,15276.1289,56.072521,76.35376
472860,5965110,16.235779,0.051282,23.456696,0.165468,411,5,14327.4736,51.868076,73.297997
474300,5965260,20.097351,0.155172,31.6297,0.03125,112,2,15143.2266,51.887878,73.319756
474150,5965530,20.756134,0.039474,30.308716,-0.007874,112,2,14842.6045,52.205101,73.559326
472500,5966340,15.217224,0.271186,22.132324,0.366667,231,3,13148.251,51.758854,73.2202
472770,5966460,16.051605,0.363057,19.076202,0.516779,211,3,13230.6465,51.42728,72.965782
474690,5966610,16.999481,0.111111,25.386902,-0.006711,112,2,14413.5244,51.490517,73.012978
473760,5966880,18.137207,0.103448,25.151825,0.338583,112,2,13591.8545,51.856117,73.294319
473640,5967030,15.733063,0.289855,28.97876,0,211,3,13399.8955,51.858883,73.29808
471930,5967060,18.62854,0.228758,25.459198,0.239437,211,3,12230.1436,52.78672,73.956589
472500,5967180,17.615845,0.213115,25.788544,0.176471,242,2,12511.8701,51.733791,73.204056
474240,5967210,20.384979,0.103896,31.190308,0.076923,211,3,13667.8896,51.917641,73.34874
472530,5967450,19.63974,0.129771,30.750061,0.092308,242,2,12332.9189,51.917595,73.339233
472530,5967510,19.896729,0.034483,30.308716,-0.128205,242,2,12289.0557,52.319115,73.648407
471990,5967540,19.234344,0.301775,30.326752,0.227848,242,2,11903.915,51.6185,73.11335
473970,5967750,16.440582,0.356164,19.503418,0.419847,211,3,13090.626,51.85178,73.294037
472620,5967900,18.593079,0.179104,28.235138,0.234375,243,3,12070.4805,54.747017,75.44622
458400,5967960,17.42337,0.131783,26.291168,-0.015385,411,5,5842.30273,51.831104,73.271851
459150,5968290,13.918427,0.038462,23.565369,0.055556,411,5,5632.41504,51.85408,73.293915
474690,5968440,15.184052,0.2,19.868652,0.086614,231,3,12932.5059,51.827854,73.264221
472470,5968560,15.702057,0.60221,21.112244,0.506173,211,3,11477.8135,52.237,73.601563
463170,5968590,19.36731,0.284848,23.746216,0.405405,211,3,6480.06934,57.668816,77.454369
474600,5968680,19.63974,-0.00885,26.291168,0.1875,211,3,12676.4111,51.845898,73.292572
465570,5968860,10.08902,0.310345,21.128326,0.160494,312,4,7204.62353,51.083534,72.752754
474660,5968890,20.756134,-0.022901,26.291168,0.036496,211,3,12507.2656,51.677444,73.162674
453240,5969010,16.621674,0.072626,26.930969,0.044586,231,3,5516.16699,51.838432,73.284538
462390,5969010,17.379791,0.140741,27.639648,0.020408,242,2,5815.43652,51.027382,72.682037
454230,5969100,15.082031,0.138889,25.386902,0.132353,231,3,5113.48242,51.83744,73.283958
453390,5969160,17.859192,0.234899,26.321533,0.24031,211,3,5323.54199,51.836967,73.283691
458880,5969160,13.918427,0.025,23.107269,-0.022727,411,5,4730.5918,51.832985,73.279388
469020,5969160,13.638519,0.333333,23.533142,0.195652,211,3,8781.44629,54.577675,75.330353
473400,5969280,19.825195,0.181818,22.256531,0.333333,412,5,11609.2246,51.830399,73.277794
454440,5969310,13.918427,0.096296,24.478333,0.038168,231,3,4850.45361,51.835388,73.282768
466050,5969370,9.589355,0.318681,19.005859,0.280899,312,4,6973.2417,51.931564,73.414528
462120,5969400,11.956299,0.094737,21.393982,0.262136,211,3,5359.1792,51.718845,73.121063
474900,5969490,16.677246,0.225434,24.273895,0.183673,211,3,12062.4248,51.125801,72.733253
473250,5969520,16.999481,0.137255,24.191406,0.304965,412,5,11335.793,51.831432,73.280357
464130,5969550,11.560364,0.207921,19.027069,0.327586,311,4,5979.71582,53.929508,74.818443
467760,5969790,14.669006,0.196262,23.107269,0.126214,312,4,7548.08594,54.686989,75.41494
454110,5969850,13.905212,0.206107,24.295685,0.142857,231,3,4440,51.830223,73.2798
473160,5969850,13.52832,0.101124,20.334778,0.137255,412,5,11046.8457,51.828255,73.278542
465780,5970000,9.655945,0.311828,20.334778,0.170732,313,4,6292.63867,50.605984,72.378914
468600,5970030,11.694366,0.294118,20.9758,0.229167,313,4,7830.22998,52.510025,73.768486
468840,5970030,16.618195,0.129771,25.839569,0.090909,313,4,7975.09228,51.318108,72.870865
462240,5970120,16.618195,0.184615,25.143036,0.26087,243,3,4716.11084,50.082901,71.903458
462870,5970120,15.852264,0.127273,24.478333,0.207207,242,2,4947.4541,48.733299,70.810394
456630,5970150,16.999481,0.130435,26.291168,0.115044,411,5,3606.11987,51.827019,73.277954
452910,5970270,18.172485,0.257576,28.312073,0.353846,242,2,4447.39258,51.808472,73.258858
474330,5970300,16.235779,0.102362,24.782349,0.15493,231,3,11086.248,51.820473,73.272079
463230,5970330,19.015869,0.160714,28.533386,-0.008,242,2,4897.44824,51.470734,73.008667
473520,5970330,18.610474,0.22314,23.424774,0.245902,231,3,10741.3828,51.820259,73.271965
465840,5970360,12.125824,0.208791,20.603607,0.217391,313,4,6009.74219,51.613125,73.146271
472650,5970360,15.870117,0.459459,22.606232,0.457143,231,3,10326.7129,51.823364,73.275734
475380,5970360,18.890503,0.135802,25.839569,0.12,231,3,11511.4033,52.511665,73.798409
453630,5970390,11.329834,0.317647,20.334778,0.179487,312,4,4088.92407,51.831726,73.284637
462810,5970390,18.393433,0.112903,26.793732,0.067669,242,2,4674.03467,51.603191,73.109665
475500,5970390,18.514343,0.127273,25.839569,0.194444,231,3,11538.3057,52.619068,73.877701
468960,5970480,11.63916,0.311828,22.087036,0.209302,312,4,7702.1167,51.619297,73.120926
471390,5970540,15.467712,0.107143,24.0224,0.139073,231,3,9291.77051,51.466957,73.001999
457770,5970630,15.467712,0.105263,26.291168,-0.016949,411,5,3123.60376,52.005028,73.413071
455340,5970720,17.20343,0.224138,28.181091,0.132075,211,3,3247.21411,51.831673,73.286575
455460,5970960,12.785614,0.277108,22.187683,0.139241,312,4,2983.7561,51.993134,73.410141
455610,5971020,15.217224,0.150943,29.187531,0.2,312,4,2889.51563,51.828239,73.284393
471660,5971020,18.833923,0.234899,25.793701,0.275362,231,3,9150,52.293327,73.632828
458070,5971110,11.560364,-0.032787,20.328888,-0.2,411,5,2678.07764,51.814247,73.268623
456390,5971170,21.279327,0.183673,30.750061,0.203008,211,3,2614.30689,51.823868,73.280098
452970,5971380,15.082031,0.087379,25.386902,0.128713,242,2,3403.90942,51.818928,73.275299
458190,5971380,17.666382,0.181818,26.741699,0.095238,231,3,2426.84985,52.515442,73.797897
475410,5971380,12.120087,0.548387,20.233002,0.405405,211,3,10621.0596,51.879036,73.324188
468480,5971500,10.85965,0.318182,22.186371,0.170732,312,4,6612.32959,52.66494,73.924721
475590,5971500,18.326752,0.317073,24.27066,0.323529,242,2,10599.1748,51.412182,72.964249
466170,5971620,13.52832,0.135135,20.024963,0.383333,311,4,5134.29639,52.461174,73.795593
468030,5971800,10.044098,0.347368,23.026886,0.175,312,4,6091.99463,52.719261,73.973045
458790,5971920,13.137054,0.128205,24.0224,0.163636,312,4,2001.24963,51.809689,73.267975
461310,5971920,12.744598,0.017544,24.0224,-0.103448,411,5,2713.30054,51.080452,72.704933
455370,5971980,11.16153,0.347826,23.565369,0.146341,312,4,2030.49255,52.388226,73.712837
451800,5972040,19.63974,-0.140127,28.275879,-0.348534,123,1,3214.6228,52.740105,73.971985
452370,5972130,19.265625,0.086957,31.190308,0.008264,123,1,2922.19092,51.99897,73.403305
470640,5972190,18.382446,0.236641,25.221069,0.3125,231,3,7608.65283,51.479012,73.018867
475560,5972190,13.598206,0.573171,17.23407,0.472081,211,3,9974.49219,51.820641,73.281868
452160,5972220,19.63974,0.046875,30.750061,0.024793,123,1,2914.32666,52.761238,73.988266
453810,5972250,16.235779,0.120879,31.190308,-0.011765,312,4,2273.08154,51.750137,73.226974
454170,5972250,11.066345,0.340659,22.187683,0.160494,312,4,2153.53198,51.817039,73.278168
468180,5972340,10.84494,0.282051,20.334778,0.111111,312,4,5791.5542,51.441063,72.99173
469290,5972340,16.416534,0.18,26.543884,0.225225,313,4,6540.4126,51.817886,73.28054
457950,5972430,12.12442,0.287356,22.64801,0.135802,312,4,1355.32288,51.818192,73.280792
462000,5972460,12.744598,0.098039,22.187683,0.020408,411,5,2451.20386,51.807453,73.268646
470040,5972460,15.467712,0.135135,25.386902,0.064748,231,3,6983.04395,51.809986,73.272026
459300,5972490,11.364746,0.2,22.187683,0.033708,312,4,1557.69055,51.807457,73.268669
465060,5972490,11.067047,0.295455,22.480072,0.146341,313,4,3794.37744,53.676727,74.692352
452370,5972580,20.012848,0.172414,32.068085,0.060606,123,1,2501.53955,51.807407,73.268677
451590,5972670,18.890503,0.006711,31.190308,-0.088235,123,1,2747.58081,51.806644,73.26825
464250,5972670,11.865356,0.196262,21.263489,0.022222,312,4,3215.60254,50.646084,72.396637
467970,5972700,19.961182,0.251534,30.750061,0.148387,231,3,5388.15381,52.223717,73.593613
473340,5972700,15.641785,0.144928,22.64801,0.142857,231,3,8493.44434,51.80072,73.262711
453360,5972760,15.082031,0.204301,26.291168,0.0625,312,4,1977.72595,51.287025,72.869659
454140,5972760,11.067047,0.295455,22.64801,0.119048,312,4,1679.19629,52.164825,73.545235
469110,5972790,11.461029,0.319588,22.187683,0.176471,311,4,6089.11328,53.23111,74.346817
475800,5972790,14.152344,0.5,19.740417,0.412429,211,3,9566.80176,52.007172,73.431015
453060,5972820,17.379791,0.079646,28.533386,-0.026087,112,2,2033.37158,51.781433,73.251961
473910,5972910,16.281158,0.1875,24.0224,0.090909,231,3,8573.28418,51.937164,73.365608
464970,5973030,10.392395,0.333333,19.401367,0.190476,313,4,3295.08716,51.492294,73.083145
471330,5973030,21.495514,0.030769,33.81192,-0.121212,242,2,7450.93945,51.924374,73.365776
452340,5973090,18.514343,0.055556,31.190308,0.009009,123,1,2040.22058,51.80249,73.265854
452670,5973090,19.711151,0.153846,28.97876,0.19685,112,2,1917.18542,51.14196,72.754463
475020,5973090,14.054901,0.493506,22.315918,0.16763,211,3,8925.94531,51.806908,73.271957
471480,5973180,13.884277,0.3125,25.183716,0.191011,242,2,7361.80664,51.592079,73.110359
474360,5973180,15.852264,0.114286,23.565369,0.060606,231,3,8537.93848,51.795998,73.259987
458940,5973240,9.871155,0.364706,20.334778,0.111111,312,4,752.396179,51.806915,73.272324
469980,5973270,20.351257,0.333333,25.818787,0.259843,242,2,6395.3501,51.808838,73.275322
470430,5973270,12.07608,0.320388,23.882202,0.157895,242,2,6724.61914,52.523708,73.817688
458820,5973390,9.58078,0.348837,21.808136,0.164557,312,4,569.209961,51.808823,73.275391
455400,5973420,12.852417,0.310345,26.689362,0.166667,313,4,646.219788,50.173126,72.000748
457440,5973450,15.686768,0.2,35.109955,-0.114504,242,2,300,51.697941,73.189255
458910,5973480,10.487274,0.340909,21.808136,0.139241,312,4,510.881592,51.807941,73.274895
476040,5973510,20.384979,0.164179,31.190308,0.146667,211,3,9025.41406,52.119362,73.511963
473190,5973570,21.126312,-0.054545,23.667572,0.515924,211,3,7648.5293,52.370193,73.69812
458430,5973600,17.218903,0.155963,27.639648,0.046729,242,2,284.60498,49.63382,71.57608
456570,5973630,13.245819,0.311828,23.107269,0.082353,312,4,150,51.806755,73.274231
467310,5973780,10.398956,0.310345,21.128326,0.185185,312,4,4152.26465,53.235256,74.385796
469860,5973870,17.549988,0.225352,25.386902,0.167883,231,3,5897.27051,51.397575,72.959389
464850,5974020,9.972015,0.348837,19.868652,0.15,312,4,2418.11914,47.947437,70.238754
474570,5974020,17.379791,0.024096,27.843109,-0.092105,211,3,7893.87744,51.791203,73.259201
472620,5974050,17.590332,0.251701,22.793976,0.364865,231,3,6964.97656,51.288502,72.870056
477720,5974080,20.756134,0.158621,21.592804,0.493333,231,3,9069.97754,52.373714,73.695831
466290,5974110,13.137054,0.132075,22.64801,0.1,313,4,3206.63379,53.043369,74.244438
468690,5974110,10.965485,0.266667,22.187683,0.142857,312,4,4878.20654,51.828667,73.301613
454140,5974200,17.56839,0.145161,24.933167,0.12963,312,4,351.140991,51.981129,73.404816
453510,5974380,18.890503,-0.037037,32.068085,-0.234043,123,1,417.851654,51.595032,73.110596
477330,5974410,18.137207,0.048544,25.839569,0.333333,211,3,8625.03906,53.168583,74.298759
467670,5974440,12.252808,0.348315,22.649078,0.2,312,4,3903.22949,52.190681,73.570259
476670,5974470,19.63974,-0.013514,24.536957,0.17037,211,3,8357.94824,52.414425,73.737251
469200,5974500,9.081573,0.386364,21.604797,0.220779,312,4,4985.14795,51.80574,73.278404
470010,5974680,21.38385,0.232,28.372498,0.259259,231,3,5452.8252,51.789799,73.260719
473280,5974680,18.514343,0.151899,29.516663,0.231884,211,3,6708.2041,51.788261,73.259514
469290,5974770,10.058441,0.303371,21.726196,0.164557,312,4,4863.4248,51.71447,73.211143
453270,5974800,17.379791,0.151515,29.423065,0.102804,123,1,108.166542,51.353352,72.921692
472680,5974830,15.467712,0.075949,25.655884,0.096774,231,3,6296.92773,51.862961,73.314117
463530,5974890,17.84903,0.241379,27.639648,0.090909,142,2,948.683289,51.383884,72.96077
463680,5974950,15.082031,0.134021,25.065857,0.299145,112,2,982.700378,50.451817,72.115578
471720,5975160,18.712555,0.211009,25.333099,0.284553,231,3,5587.57568,51.780426,73.253044
473130,5975310,17.204987,0.188811,21.287781,0.312977,231,3,6079.42432,51.775524,73.24823
466320,5975400,9.983215,0.259259,19.499023,0.189189,312,4,2281.77564,47.501396,69.853745
470520,5975550,16.246033,0.181208,24.757935,0.3,231,3,4807.68115,51.79184,73.265167
473760,5975610,15.067047,0.503268,27.639648,-0.089888,231,3,6110.35986,52.058754,73.465637
464130,5975790,17.379791,-0.050505,27.639648,-0.049505,112,2,558.032288,52.938534,73.832443
470610,5975820,12.506134,0.304348,23.924835,0.204545,242,2,4582.15039,53.152664,74.285904
469200,5975850,10.949341,0.288889,23.599304,0.263158,312,4,4067.73901,53.954117,74.861694
470520,5975850,18.337433,0.162162,28.533386,0.092199,242,2,4525.22949,52.90258,74.100067
476460,5975850,16.36853,0.338129,32.068085,-0.073684,211,3,6982.33496,51.786755,73.264565
463530,5975940,15.852264,0.011494,27.109863,-0.036585,112,2,108.166542,51.090061,72.72364
464910,5975970,9.471863,0.316456,19.401367,0.12,312,4,912.414368,46.672493,69.150551
478440,5975970,21.126312,0.012346,28.952301,0.061728,211,3,7585.01807,51.736137,73.223602
472170,5976000,16.134247,0.409091,25.771332,0.310924,242,2,5027.21582,52.464447,73.77491
472800,5976090,16.185913,0.459459,33.81192,0.068323,242,2,5236.26758,51.975372,73.40889
476280,5976120,13.642761,0.566667,23.851501,0.366906,211,3,6669.25049,51.723114,73.210091
472500,5976150,21.126312,-0.044025,32.068085,-0.195402,242,2,5044.72998,51.046024,72.689545
474690,5976180,18.980011,0.168831,27.668701,0.031447,231,3,6043.34326,51.832355,73.293213
478800,5976210,13.762024,0.25,22.299042,0.195652,313,4,7494.77832,52.481697,73.800705
467730,5976300,11.249756,0.296703,21.167572,0.204545,313,4,2681.26831,54.119732,75.025467
472530,5976390,20.45755,0.090909,29.911499,0.357143,242,2,4844.23389,51.775139,73.253952
464640,5976420,11.250763,0.213483,19.711121,0.26,311,4,403.608734,46.468468,69.165398
466950,5976450,9.844269,0.295455,18.932861,0.160494,312,4,2015.36597,51.806183,73.119835
473940,5976450,15.105835,0.485714,22.508453,0.502825,243,3,5469.63428,51.799198,73.265312
468210,5976750,14.862457,0.185841,21.726196,0.145833,313,4,2731.48315,54.327316,75.222633
472080,5976840,9.109161,-0.244444,14.367096,-0.45098,512,6,4239.66992,51.764164,73.243675
473310,5976900,14.862457,0.244898,24.374817,0.217391,312,4,4764.71387,52.233593,73.607887
477930,5976930,17.159821,0.310924,23.391785,0.349206,242,2,6500.24609,51.762825,73.242844
467010,5976960,10.305298,0.26087,19.558228,0.255814,311,4,1705.52051,52.700882,74.028145
469680,5977050,12.744598,0.175258,20.078064,0.315789,312,4,3112.2019,49.565365,71.474472
470130,5977080,10.263763,0.305263,21.162415,0.209302,312,4,3235.13525,51.542583,73.076622
477210,5977140,14.85556,0.395973,30.308716,-0.153846,211,3,6028.80566,51.299324,72.889435
477660,5977320,15.332947,0.442424,17.13739,0.482233,211,3,6034.84863,52.198494,73.578003
479040,5977350,19.522644,0.216783,28.410126,0.176471,243,3,6460.87451,51.758682,73.240463
467520,5977620,11.050629,0.296703,20.991333,0.195122,313,4,1644.53638,55.338261,75.978249
479610,5977740,14.695282,0.053435,24.478333,-0.056,242,2,6261.30957,51.126564,72.739502
473730,5977950,12.741516,0.266667,20.799713,0.172414,313,4,4038.87354,48.715176,70.778053
466050,5978100,9.964569,0.117647,18.132019,0.376,311,4,234.307495,46.771576,69.318657
476880,5978130,13.860779,0.493151,16.119171,0.472868,211,3,4986.23096,51.84927,73.311989
468360,5978250,8.223328,0.272727,19.921906,0.157895,312,4,1629.96936,50.153488,71.865768
475020,5978280,18.890503,0.044025,30.750061,-0.045977,211,3,4221.90723,51.648903,73.164665
471960,5978310,9.873444,0.364706,20.879456,0.205128,312,4,2885.30762,52.039165,73.46209
476760,5978340,13.698059,0.534247,16.058533,0.530303,211,3,4747.20947,51.752632,73.238632
468150,5978400,9.861267,0.264368,19.170685,0.276596,312,4,1442.4978,51.367287,72.683632
475680,5978430,17.759003,0.121019,26.30896,0.275362,211,3,4288.21631,51.807419,73.283745
467610,5978460,10.365326,0.134021,18.620331,0.327586,313,4,1123.29871,52.101463,73.508598
470640,5978460,12.583801,0.181818,20.334778,0.08046,313,4,2133.58862,51.716118,73.231316
478380,5978550,21.126312,-0.069444,20.162842,0.513514,211,3,5122.97754,51.771671,73.255295
476940,5978700,21.86377,-0.044025,30.750061,-0.151515,211,3,4483.97168,51.749176,73.23671
476850,5978850,19.781189,0.177305,27.202393,0.180556,231,3,4310.19727,51.744335,73.232231
472620,5978880,10.569824,0.316456,19.607452,0.205479,312,4,2710.1477,52.741432,74.052406
475770,5978910,21.042603,0.132075,28.324677,0.174194,211,3,3862.55103,51.240829,72.848907
473160,5979090,10.34314,0.295455,21.037048,0.232558,313,4,2769.27783,52.68251,73.939285
476370,5979330,15.852264,0.205882,27.191162,0.152778,231,3,3683.28662,51.736408,73.2257
473370,5979450,12.04361,0.242105,20.845032,0.265306,313,4,2518.03491,51.690376,73.224083
471210,5979630,17.379791,0.148936,29.866364,0.121212,211,3,1368.53931,51.131767,72.793304
474990,5979630,19.63974,0.134752,28.97876,0.205674,112,2,2931.56958,51.767693,73.256523
476130,5979630,18.93692,0.357143,29.374603,0.276596,243,3,3320.3916,51.780979,73.261688
478860,5979750,18.842773,0.168675,18.585297,0.46114,211,3,4117.3291,51.764549,73.252182
479160,5979750,20.482025,0.185185,20.540649,0.436242,211,3,4212.19678,51.985062,73.419983
468570,5979780,9.562561,0.136364,19.326599,0.25,311,4,189.736664,49.547806,71.549393
479460,5979960,17.450043,0.268966,21.287781,0.382353,211,3,4117.00147,51.304543,72.89695
471060,5980170,8.856354,0.287356,20.634979,0.180723,312,4,823.77179,50.844757,72.561707
474780,5980230,16.883484,0.228571,25.717438,0.264706,243,3,2296.1272,51.000046,72.640335
474000,5980260,18.383301,0.378049,30.637543,0.197452,211,3,2016.92835,52.429943,73.768219
476190,5980410,12.744598,0.081633,23.565369,0.056911,231,3,2617.05933,51.017208,72.67215
476850,5980470,8.324402,-0.208333,12.019745,-0.37931,512,6,2820.63818,51.722008,73.215439
477540,5980560,9.109161,-0.217391,13.900177,-0.396825,512,6,2968.63599,51.721085,73.214897
473520,5980590,13.319336,0.242105,23.102356,0.173913,311,4,1529.70581,51.72831,73.25367
478080,5980590,18.91452,0.241379,26.036163,0.34375,231,3,3083.58569,51.727421,73.222504
476190,5981070,11.163239,-0.176471,13.431946,-0.38983,512,6,2012.46118,51.716259,73.212128
477660,5981100,9.499756,-0.234043,12.019745,-0.4,512,6,2473.86328,51.715855,73.211891
472710,5981130,9.292755,0.348315,20.334778,0.135802,312,4,713.091858,49.708778,71.699547
475110,5981160,12.881744,0.306122,21.727234,0.208791,313,4,1527.64526,51.970692,73.408768
480210,5981460,13.918427,0.129032,23.1073,0.173554,243,3,3034.00732,52.435875,73.741226
478590,5981610,17.236664,0.253731,24.993347,0.296,231,3,2267.53174,51.701805,73.197968
474150,5981760,12.874451,0.195402,23.539429,0.176471,313,4,646.219788,53.639355,74.694283
473670,5981790,9.298035,0.264368,20.152985,0.223529,313,4,465.72525,49.70937,71.707214
475200,5982240,9.284668,0.357143,20.287842,0.210526,312,4,551.543274,52.507931,73.775528
479820,5982360,16.999481,0.146667,27.342163,0.205882,211,3,2053.41187,51.006424,72.672081
474450,5982420,12.333252,0.177778,19.169678,0.182796,313,4,120,52.867306,74.002831
478740,5982450,12.744598,0.033708,27.639648,-0.152778,231,3,1527.64526,51.350368,72.932907
478830,5982480,17.503937,0.203252,26.741699,0.037594,231,3,1532.35107,51.148293,72.775864
476700,5982600,14.982697,0.215686,22.439331,0.281553,312,4,789.176758,53.233528,74.357056
480030,5983500,14.307434,0.072,25.839569,-0.032258,231,3,1148.25952,51.695797,73.202301
481080,5983620,12.744598,0.153846,23.565369,0.018182,411,5,1516.1134,51.664986,73.177582
481290,5984070,14.695282,0.089109,24.933167,0.035088,411,5,1224.13232,51.690197,73.199074
480000,5984310,16.618195,0.037037,30.308716,-0.137615,112,2,416.773315,51.691296,73.201691
484020,5984700,14.695282,0.115646,25.839569,0.061224,231,3,2322.62793,51.680588,73.191536
483240,5985360,21.838287,0.104,31.6297,0,242,2,1306.9812,51.674248,73.187889
483570,5985420,15.897736,0.221239,26.424469,0.132075,242,2,1571.78247,51.673645,73.187538
483900,5985540,16.235779,0.096154,28.97876,-0.044248,242,2,1842.00977,51.672455,73.186867
483330,5985570,18.137207,0.065574,28.533386,0.017544,242,2,1292.43958,51.672207,73.186714
483720,5985690,12.744598,-0.081081,21.726196,-0.190476,242,2,1630.24536,51.671021,73.186028
452400,5972040,20.756134,0.051852,33.377441,-0.008264,123,1,2997.74927,51.896591,73.313965
451650,5972460,20.012848,0.022556,32.505463,-0.046154,123,1,2899.46558,51.807457,73.268105
463260,5975190,19.265625,0.026087,33.377441,-0.07563,142,2,550.726807,51.787613,73.261192
463410,5975430,16.618195,0.181818,29.866364,0.215385,112,2,432.666168,52.139282,73.528168
474750,5966850,17.379791,0.057471,28.087006,0.089109,231,3,14280.0313,52.25082,73.593636
475710,5972160,13.672028,0.533742,18.213318,0.44898,211,3,10073.2568,52.537006,73.827003
473520,5974080,16.999481,0.258278,18.833923,0.513889,211,3,7352.38721,52.025589,73.44207
476970,5975010,20.108337,0.293233,26.115326,0.220588,211,3,7940.48486,51.630211,73.141647
471570,5979270,19.507446,0.202797,29.748108,0.231884,211,3,1852.24194,51.553802,73.114906
472770,5961930,-999,-999,23.678802,0.236641,411,5,16858.4258,51.901337,73.318565
472230,5962710,-999,-999,25.490601,0.213115,411,5,15909.7607,51.893875,73.314278
472230,5963460,-999,-999,24.933167,-0.009009,411,5,15296.1758,51.880669,73.303322
472890,5963580,-999,-999,19.401367,0.147287,411,5,15571.9648,51.885395,73.309395
471960,5964030,-999,-999,27.639648,-0.078788,411,5,14676.5938,51.811943,73.254066
472230,5964180,-999,-999,27.191162,-0.062937,411,5,14703.0918,51.886372,73.313911
472080,5964420,-999,-999,26.291168,-0.153374,411,5,14420.2979,51.15493,72.75061
473280,5964630,-999,-999,24.933167,0.020134,411,5,14964.5879,52.55769,73.82476
472710,5964810,-999,-999,25.839569,-0.021898,411,5,14472.3184,51.86742,73.295532
474240,5965290,-999,-999,30.750061,-0.017544,112,2,15080.7227,51.963745,73.374069
473820,5965530,-999,-999,18.39917,0.396985,211,3,14621.8535,51.895363,73.331924
473280,5965620,-999,-999,32.941895,0.118881,211,3,14200.7783,51.875526,73.310005
473160,5965710,-999,-999,27.160339,0.260274,211,3,14054.6719,51.884861,73.320969
474660,5965710,-999,-999,30.750061,-0.190083,112,2,15062.3301,51.627773,73.121918
474720,5965890,-999,-999,30.750061,-0.008547,112,2,14968.7676,52.044296,73.430176
472590,5966220,-999,-999,23.785858,0.309353,211,3,13298.0898,51.140255,72.740761
474720,5966310,-999,-999,30.308716,-0.190083,112,2,14654.8691,51.865799,73.302109
474870,5966460,-999,-999,26.161072,0.238095,112,2,14645.9619,51.439865,72.971375
474960,5966700,-999,-999,26.577911,0.147826,112,2,14533.6611,52.572739,73.837151
473880,5966760,-999,-999,26.873077,0.25,112,2,13761.1084,51.708603,73.187904
474060,5966820,-999,-999,22.667419,0.424,112,2,13834.5547,51.193226,72.788017
472590,5966850,-999,-999,21.250275,0.387755,231,3,12818.2881,51.860901,73.299347
474390,5966850,-999,-999,28.97876,-0.05,112,2,14033.6201,51.867363,73.307007
472530,5966940,-999,-999,24.02002,0.163399,242,2,12711.082,51.642731,73.130791
474210,5967030,-999,-999,30.750061,-0.170213,112,2,13779.2783,51.868366,73.309372
473610,5967120,-999,-999,25.996613,0.209302,231,3,13312.2275,51.206123,72.792404
472740,5967180,-999,-999,23.568481,0.242857,231,3,12673.6777,51.177361,72.770172
473880,5967240,-999,-999,27.639648,0.061224,211,3,13401.6748,51.159504,72.761192
472620,5967330,-999,-999,23.556335,0.264706,242,2,12482.0908,51.504162,73.025299
471000,5967510,-999,-999,22.610565,0.232143,243,3,11291.3643,56.582493,76.3246
473400,5967540,-999,-999,25.176117,0.29078,231,3,12857.9668,51.850521,73.291336
471960,5967570,-999,-999,27.93808,0.30719,242,2,11861.5762,52.123993,73.494385
472800,5967600,-999,-999,27.639648,0.18797,243,3,12410.6123,52.133415,73.502426
471240,5967630,-999,-999,28.97876,-0.085106,211,3,11350.5107,51.829361,73.274437
473130,5967900,-999,-999,26.17688,0.248227,211,3,12409.4883,52.52478,73.799545
469740,5967960,-999,-999,19.55191,0.040816,312,4,10177.4756,53.075016,74.179626
471480,5968020,-999,-999,27.639648,0.223881,211,3,11206.877,52.936317,74.149551
458730,5968140,-999,-999,24.478333,-0.081081,411,5,5711.35693,51.632111,73.123169
474600,5968140,-999,-999,25.386902,0.096296,231,3,13175.2266,51.292946,72.859711
469320,5968200,-999,-999,18.932861,0.175,312,4,9743.39746,55.553654,76.014503
457860,5968290,-999,-999,20.799713,-0.139241,411,5,5465.27197,51.841499,73.284286
473640,5968350,-999,-999,26.291138,0.418919,231,3,12431.0098,51.84269,73.286835
473520,5968380,-999,-999,21.858185,0.402985,231,3,12325.3271,51.504227,73.023941
470250,5968470,-999,-999,25.736298,0.364238,211,3,10073.2119,52.116432,73.532242
453660,5968500,-999,-999,26.291168,0.042254,231,3,5862.98535,52.068874,73.460381
467520,5968500,-999,-999,19.165741,0.185185,312,4,8478.59668,55.577049,76.044151
458700,5968560,-999,-999,24.933167,-0.075472,411,5,5292.00342,51.825569,73.268806
469440,5968560,-999,-999,30.308716,-0.105882,211,3,9513.83203,50.616776,72.366287
470400,5968560,-999,-999,27.797119,0.215686,211,3,10098.2871,51.931084,73.390846
453000,5968680,-999,-999,28.18573,0.086614,231,3,5910.30469,51.840431,73.283783
469800,5968680,-999,-999,26.415314,0.220779,211,3,9630.4209,52.257828,73.63163
462660,5968710,-999,-999,29.423065,-0.012821,242,2,6185.67725,53.463036,74.554367
453300,5968740,-999,-999,27.439789,0.031746,231,3,5749.52148,51.244019,72.826797
457740,5968740,-999,-999,23.107269,-0.13253,411,5,5011.43701,51.837162,73.281799
472350,5968740,-999,-999,20.387085,0.487179,211,3,11263.4717,51.184807,72.793465
471060,5968800,-999,-999,19.128113,0.283019,313,4,10344.4336,55.283417,75.838753
471420,5968800,-999,-999,21.472961,0.437909,313,4,10588.9805,50.76955,72.514526
472890,5968800,-999,-999,27.913147,0.15493,211,3,11585.2061,50.433952,72.195831
474360,5968830,-999,-999,30.852325,-0.243902,211,3,12445.6621,51.648735,73.139816
457620,5968920,-999,-999,23.107269,-0.052632,411,5,4830,51.840626,73.282333
468960,5968950,-999,-999,29.283356,0.194245,211,3,8919.89356,48.816792,70.888214
468630,5969010,-999,-999,24.175507,0.183673,312,4,8688.19922,53.47422,74.539345
462360,5969040,-999,-999,28.087006,-0.007407,242,2,5777.55127,50.483471,72.234779
457650,5969100,-999,-999,22.64801,-0.068182,411,5,4650.09668,51.837036,73.283699
468150,5969130,-999,-999,19.401367,0.194805,312,4,8310.86621,52.001888,73.420227
458190,5969160,-999,-999,24.0224,-0.085106,411,5,4625.25684,51.833061,73.279442
467550,5969160,-999,-999,20.879456,0.195122,312,4,7946.1499,52.285469,73.66494
474300,5969160,-999,-999,24.669189,0.154362,211,3,12117.6982,51.834812,73.282303
463680,5969190,-999,-999,19.845001,0.380952,311,4,6120.36768,53.60413,74.635918
468270,5969220,-999,-999,20.403931,0.178082,312,4,8310.05371,50.550213,72.31411
459210,5969250,-999,-999,24.0224,0,411,5,4701.20215,51.835403,73.282761
464460,5969310,-999,-999,22.299042,0.214953,311,4,6323.17188,57.052635,76.9608
469080,5969310,-999,-999,24.090698,0.180723,312,4,8694.6709,50.744431,72.300896
454320,5969340,-999,-999,27.191162,0.052632,231,3,4857.40674,51.835114,73.282616
462930,5969340,-999,-999,20.374756,0.189873,313,4,5696.20947,44.283726,67.200508
457950,5969400,-999,-999,23.565369,-0.082569,411,5,4362.49951,51.830765,73.27813
462690,5969400,-999,-999,28.906403,0.25,211,3,5548.62158,49.703934,71.555084
472020,5969400,-999,-999,28.97876,0.013889,211,3,10552.3691,50.434044,72.184731
466650,5969460,-999,-999,19.406616,0.241379,312,4,7199.5625,53.773811,74.761436
467370,5969460,-999,-999,18.655548,0.296703,312,4,7596.63721,49.383537,71.382187
468210,5969460,-999,-999,21.388458,0.113924,312,4,8082.03564,50.981361,72.636726
462270,5969520,-999,-999,28.027039,0.086614,242,2,5293.78857,49.626419,71.522949
472680,5969520,-999,-999,22.208984,0.372263,211,3,10924.8203,51.143784,72.740448
470340,5969610,-999,-999,22.864655,0.442857,231,3,9260.72363,51.718697,73.195587
464190,5969640,-999,-999,19.634552,0.387097,311,4,5916.69678,49.17157,71.168007
465240,5969670,-999,-999,22.260925,0.290323,312,4,6332.55859,51.704487,73.244102
457560,5969850,-999,-999,25.839569,-0.013699,411,5,3900,51.829811,73.279556
470100,5969880,-999,-999,23.890625,0.458333,231,3,8899.48828,51.828232,73.278549
471150,5969940,-999,-999,20.349945,0.185185,313,4,9570.04688,47.890446,70.154953
457350,5969970,-999,-999,25.386902,0.026549,411,5,3780,51.82534,73.275002
468090,5969970,-999,-999,19.401367,0.175,312,4,7588.75488,46.403816,68.908569
469290,5969970,-999,-999,25.839569,0.202797,242,2,8304.5293,51.105797,72.724449
470250,5970000,-999,-999,31.6297,-0.063158,211,3,8913.18164,52.231258,73.586647
455880,5970060,-999,-999,25.839569,-0.063063,411,5,3778.09473,51.827972,73.278511
470010,5970090,-999,-999,32.505463,-0.099415,211,3,8683.69141,52.582439,73.852028
464190,5970120,-999,-999,26.597961,0.313869,211,3,5471.6084,50.367893,72.155037
453090,5970150,-999,-999,29.025726,0.253731,242,2,4490.89063,52.444138,73.743561
454860,5970150,-999,-999,24.565399,0.296296,231,3,3929.08398,51.861523,73.304016
457440,5970150,-999,-999,24.933167,-0.048951,411,5,3600,51.799858,73.252197
469260,5970180,-999,-999,32.068085,-0.123457,242,2,8124.46289,52.044098,73.446312
462990,5970210,-999,-999,28.023926,0.328358,242,2,4908.46191,50.438938,72.204071
475050,5970210,-999,-999,26.538757,-0.166667,231,3,11488.2373,52.542656,73.822258
474390,5970240,-999,-999,25.129913,0.16,231,3,11166.0068,51.821053,73.272408
463080,5970270,-999,-999,31.190308,0.25,242,2,4888.89551,51.474766,73.012703
462360,5970300,-999,-999,24.295685,0.064516,243,3,4590.39209,51.272297,72.853111
466830,5970300,-999,-999,21.234833,0.175,313,4,6598.15869,50.208149,72.04335
456720,5970330,-999,-999,28.97876,-0.021583,411,5,3422.10474,51.825279,73.276939
462720,5970360,-999,-999,28.97876,-0.088235,242,2,4669.98926,49.677673,71.581108
472260,5970360,-999,-999,27.510254,0.271318,231,3,10038.8896,51.216026,72.7827
464670,5970390,-999,-999,19.281464,0.442857,311,4,5433.64502,50.78096,72.165337
457860,5970480,-999,-999,25.386902,-0.027523,411,5,3278.79541,51.820351,73.272141
464100,5970480,-999,-999,20.524841,0.395349,311,4,5105.2915,54.432518,75.159943
473370,5970540,-999,-999,24.039551,0.243697,231,3,10491.6396,51.818237,73.270798
470820,5970570,-999,-999,29.423065,0.089744,211,3,8879.3916,52.543976,73.825294
472560,5970570,-999,-999,23.239594,-0.069767,231,3,10120.2764,51.817261,73.269897
472830,5970600,-999,-999,22.170532,0.308271,231,3,10242.3096,51.817703,73.2705
456630,5970630,-999,-999,28.97876,-0.089109,242,2,3127.05933,52.344345,73.670288
462840,5970660,-999,-999,23.365326,0.338462,231,3,4435.53809,51.821404,73.274673
472470,5970690,-999,-999,21.698792,0.274336,231,3,9973.58984,51.815552,73.268166
466170,5970720,-999,-999,22.737549,0.280702,313,4,5882.60156,51.48999,73.058464
475080,5970720,-999,-999,26.741699,-0.021505,211,3,11055.1523,52.62252,73.884819
470730,5970750,-999,-999,21.626038,0.214286,211,3,8685.55664,52.049343,73.439743
472650,5970750,-999,-999,24.720764,0.191176,311,4,10039.6514,51.816269,73.269676
456060,5970780,-999,-999,29.423065,0.063492,211,3,3038.15723,51.827667,73.28228
456240,5970810,-999,-999,32.068085,0.030303,242,2,2985.11304,51.824036,73.278214
471870,5970810,-999,-999,22.878113,0.351724,231,3,9446.76172,51.579285,73.090813
470010,5970840,-999,-999,20.799713,0.108434,313,4,8141.94678,52.53849,73.820473
474570,5970840,-999,-999,22.201599,0.333333,231,3,10707.3105,52.104721,73.489899
456570,5970870,-999,-999,31.06958,0.236641,242,2,2892.62866,51.823406,73.277855
468960,5970900,-999,-999,22.872833,0.204301,313,4,7380.06103,51.812595,73.262924
454500,5970960,-999,-999,22.760651,0.15,312,4,3263.52564,52.266712,73.619217
455250,5970960,-999,-999,23.423492,0.166667,312,4,3045.40649,51.816841,73.273254
457080,5971020,-999,-999,30.750061,0.09375,242,2,2730,51.818573,73.273087
456870,5971080,-999,-999,32.941895,0.149606,242,2,2670,51.818016,73.272774
457140,5971080,-999,-999,28.97876,0.056,242,2,2670,51.817986,73.272758
470940,5971080,-999,-999,28.531219,0.267176,231,3,8591.37402,52.534546,73.817741
471630,5971080,-999,-999,28.703796,0.312977,231,3,9087.27637,52.058418,73.456223
455730,5971110,-999,-999,25.750305,0.139785,312,4,2777.22876,51.575974,73.091789
457770,5971110,-999,-999,27.191162,0.007194,231,3,2644.25781,51.880299,73.315346
458040,5971140,-999,-999,16.683624,-0.333333,411,5,2643.57715,51.813965,73.268456
465240,5971140,-999,-999,20.166138,0.213483,312,4,5035.17627,52.324257,73.719376
453000,5971170,-999,-999,26.994904,0.224806,242,2,3585.21973,51.820946,73.276466
456150,5971170,-999,-999,31.6297,0.050847,211,3,2638.97705,51.823891,73.280121
463020,5971200,-999,-999,27.483063,0.360544,242,2,4017.98462,51.898087,73.301643
463170,5971230,-999,-999,35.109955,-0.02069,242,2,4052.55469,55.577225,75.785423
464040,5971260,-999,-999,19.445465,0.393443,311,4,4373.83105,52.161125,73.587524
455640,5971290,-999,-999,22.64801,0.126437,312,4,2619.63745,51.175484,72.780418
475050,5971350,-999,-999,20.784668,0.366197,211,3,10478.6357,50.89518,72.570015
457530,5971380,-999,-999,27.095673,0.180723,243,3,2370,51.818371,73.274948
463350,5971380,-999,-999,27.782562,0.189655,242,2,3990.45117,55.135933,75.70607
467700,5971380,-999,-999,26.085114,0.195122,312,4,6210.07227,52.559975,73.848862
474150,5971410,-999,-999,21.561676,0.385714,231,3,10008.6758,51.80978,73.265938
457110,5971440,-999,-999,24.692719,0.259259,243,3,2310,52.063347,73.462631
465150,5971440,-999,-999,20.875763,0.175,313,4,4729.4502,54.073418,75.005959
474570,5971440,-999,-999,22.24765,0.315068,211,3,10178.1387,51.444038,72.986908
475530,5971440,-999,-999,23.932098,0.363636,242,2,10625.8037,51.960812,73.383926
469920,5971470,-999,-999,20.334778,0.160494,313,4,7608.65283,51.816231,73.273628
456720,5971500,-999,-999,33.81192,0.0625,211,3,2253.19775,51.820641,73.278244
453090,5971530,-999,-999,30.292358,0.095238,312,4,3220.07764,51.820793,73.278351
458280,5971530,-999,-999,27.353241,0.184,243,3,2294.55884,51.813503,73.270172
468330,5971530,-999,-999,22.239777,0.189873,312,4,6491.72559,52.260941,73.620728
475710,5971530,-999,-999,22.766449,0.349593,242,2,10627.4551,51.815533,73.273323
465810,5971560,-999,-999,20.730865,0.157895,312,4,4984.15478,50.326256,72.107811
453780,5971590,-999,-999,22.063843,0.2,312,4,2903.03296,51.82346,73.281868
463050,5971650,-999,-999,25.941956,0.076923,242,2,3622.43018,51.76445,72.495132
453810,5971680,-999,-999,20.334778,0.1,312,4,2808.16675,51.822582,73.281364
470880,5971710,-999,-999,26.288086,0.238095,231,3,8108.88379,51.813824,73.272247
456930,5971770,-999,-999,29.328308,0.219512,211,3,1980,51.885262,73.329437
457710,5971770,-999,-999,33.81192,-0.023256,242,2,1982.04443,51.817924,73.276672
452340,5971800,-999,-999,32.941895,-0.1,123,1,3242.36035,51.818375,73.276756
469380,5971800,-999,-999,23.246216,0.36,313,4,7006.20459,51.796413,73.259003
472080,5971800,-999,-999,24.478333,0.12381,243,3,8860.72266,51.812668,73.271523
473280,5971830,-999,-999,19.868652,0.247312,412,5,9261.06348,51.809128,73.267548
474630,5971830,-999,-999,21.445465,0.346939,211,3,9861.28809,51.81567,73.275246
469290,5971890,-999,-999,25.698761,0.266667,313,4,6879.42578,51.815559,73.275238
452460,5971950,-999,-999,33.377441,-0.232558,123,1,3058.52905,51.819489,73.278313
452910,5971950,-999,-999,24.933167,0.081633,312,4,2896.9812,51.87381,73.320938
460800,5971950,-999,-999,23.565369,-0.111111,411,5,2514.45825,51.809174,73.26767
474480,5971950,-999,-999,18.330109,0.384615,211,3,9686.65625,51.787674,73.253708
452250,5971980,-999,-999,36.734863,-0.182482,123,1,3103.94922,51.374802,72.934212
457020,5971980,-999,-999,23.298462,0.15,312,4,1770,51.742729,73.220894
468240,5971980,-999,-999,21.956573,0.179487,312,4,6094.43213,53.862228,74.81662
451680,5972010,-999,-999,29.997345,-0.317829,123,1,3289.75684,52.012356,73.42202
453810,5972010,-999,-999,24.478333,0.066667,312,4,2496.49756,52.013962,73.427948
461940,5972010,-999,-999,23.107269,-0.125,411,5,2852.36743,51.808605,73.267204
458550,5972070,-999,-999,23.59552,0.181818,312,4,1806.23914,51.8116,73.271057
461700,5972070,-999,-999,23.565369,-0.104167,411,5,2702.33228,51.804588,73.263046
453060,5972130,-999,-999,23.657135,0.2,312,4,2674.71484,51.821671,73.282806
461460,5972160,-999,-999,24.0224,-0.113402,411,5,2533.0022,51.80373,73.262558
469350,5972160,-999,-999,25.761871,0.245614,313,4,6714.23877,51.851181,73.304291
469260,5972190,-999,-999,22.614044,0.157895,313,4,6632.10352,51.820812,73.282494
471720,5972190,-999,-999,25.106873,0.275362,243,3,8374.35352,51.226318,72.820625
451200,5972220,-999,-999,22.570618,-0.326425,123,1,3336.61499,52.531029,73.813957
451320,5972250,-999,-999,29.997345,-0.24031,123,1,3246.79834,53.877247,74.810478
457110,5972250,-999,-999,40.640533,-0.086957,122,1,1500,51.816689,73.277946
469650,5972250,-999,-999,29.170441,0.185714,231,3,6852.68555,51.812057,73.273216
457410,5972280,-999,-999,28.087006,-0.070175,122,1,1470,51.810745,73.27121
459150,5972280,-999,-999,24.010254,0.156627,312,4,1727.02051,51.809494,73.269844
456660,5972310,-999,-999,35.071991,-0.196721,122,1,1451.20642,51.816162,73.277649
457080,5972310,-999,-999,36.827698,-0.101124,122,1,1440,51.816116,73.277618
464220,5972310,-999,-999,21.721649,0.157895,311,4,3515.50855,53.513905,74.556442
453510,5972340,-999,-999,25.386902,0.066667,312,4,2309.02588,51.816246,73.277718
466530,5972400,-999,-999,20.334778,0.184211,312,4,4701.20215,51.213848,72.73217
456300,5972430,-999,-999,28.533386,-0.0625,122,1,1371.16736,52.18232,73.556671
452460,5972460,-999,-999,34.245575,-0.101695,123,1,2581.04639,51.807762,73.267441
464130,5972460,-999,-999,19.501007,0.190476,311,4,3340.92798,53.042603,74.107376
474420,5972460,-999,-999,19.767334,0.394737,211,3,9203.69531,51.809444,73.271629
452370,5972490,-999,-999,35.540741,-0.016949,123,1,2584.87915,51.808281,73.26918
452400,5972490,-999,-999,35.540741,0.04,123,1,2573.88818,51.808273,73.269173
456060,5972490,-999,-999,25.386902,-0.056604,122,1,1360.62488,52.191971,73.565392
460770,5972490,-999,-999,22.161591,0.175258,311,4,1992.23499,51.996696,73.413063
475410,5972490,-999,-999,17.615143,0.41,211,3,9639.29492,51.814423,73.276306
453540,5972520,-999,-999,22.690979,0.230769,312,4,2133.37769,51.814507,73.276726
464430,5972520,-999,-999,23.107269,0.090909,312,4,3435.88428,49.91008,71.799522
454380,5972550,-999,-999,35.540741,-0.134021,122,1,1802.49829,51.814125,73.276489
470130,5972550,-999,-999,26.291168,-0.088608,231,3,6988.45459,51.809113,73.271523
451500,5972580,-999,-999,34.245575,-0.173554,123,1,2871.55005,51.539604,73.061142
452160,5972580,-999,-999,26.741699,0.12605,112,2,2580.17432,51.807438,73.268692
454050,5972580,-999,-999,35.109955,-0.049505,122,1,1878.77625,51.5159,73.043518
460890,5972610,-999,-999,20.799713,0.126437,311,4,1922.34228,51.806114,73.267891
461370,5972610,-999,-999,21.875732,0.191919,312,4,2078.67749,51.802727,73.263954
472620,5972610,-999,-999,24.675537,0.179856,231,3,8290.26563,51.121658,72.739922
476130,5972610,-999,-999,21.113098,0.449275,222,3,9888.62988,53.187248,74.307098
462510,5972640,-999,-999,24.933167,-0.039216,411,5,2495.77637,51.802322,73.263435
456660,5972670,-999,-999,22.64801,0.111111,312,4,1094.89722,52.028557,73.439865
453180,5972700,-999,-999,23.763947,0.22449,312,4,2100.21436,51.96019,73.388229
458550,5972700,-999,-999,26.741699,0.237113,312,4,1188.69678,51.808846,73.271446
472500,5972790,-999,-999,26.485535,0.184211,231,3,8079.36279,51.34346,72.912933
472680,5972790,-999,-999,26.546631,0.170068,231,3,8144.59961,51.796982,73.258751
452370,5972820,-999,-999,27.639648,0.180328,112,2,2278.81543,51.805092,73.267349
470520,5972820,-999,-999,27.188812,0.269841,242,2,7097.90088,51.809803,73.273895
465240,5972850,-999,-999,19.240051,0.266667,312,4,3594.49585,54.819614,75.537971
465270,5972880,-999,-999,19.981293,0.204301,312,4,3586.22363,53.305141,74.420929
461730,5972940,-999,-999,22.901428,0.203883,311,4,1907.0658,51.802845,73.266006
451470,5972970,-999,-999,30.852325,-0.232877,123,1,2568.11206,51.115295,72.733109
473550,5972970,-999,-999,26.635345,0.276596,231,3,8347.11914,52.38678,73.709686
452010,5973000,-999,-999,31.190308,-0.101695,123,1,2253.99634,51.803394,73.26638
452730,5973000,-999,-999,32.068085,-0.009709,112,2,1982.95239,51.806641,73.270203
466230,5973000,-999,-999,21.364258,0.146667,312,4,4035.75269,52.205971,73.590385
455730,5973030,-999,-999,23.087402,0.15,312,4,924.175293,52.794147,74.018364
463740,5973030,-999,-999,21.211639,0.2,311,4,2656.48267,51.835171,73.15284
471690,5973030,-999,-999,28.087006,0.105263,242,2,7570.58789,52.320503,73.663857
471960,5973030,-999,-999,26.148438,0.337748,242,2,7661.52051,51.383617,72.945396
476880,5973030,-999,-999,23.107269,0.167883,231,3,9790.48535,52.294838,73.638611
462930,5973090,-999,-999,21.726196,-0.042553,231,3,2245.39526,51.850143,73.312874
468120,5973120,-999,-999,28.533386,0.081081,231,3,5182.27734,52.155937,73.541603
471870,5973180,-999,-999,26.495514,0.2,242,2,7489.49268,51.806068,73.27169
477660,5973240,-999,-999,23.204498,0.007407,231,3,9838.39941,51.791828,73.255585
457710,5973270,-999,-999,24.0224,0.135135,242,2,488.364624,51.112617,72.7425
458280,5973270,-999,-999,21.263489,0.15,312,4,577.061523,51.865791,73.317146
460350,5973330,-999,-999,22.659058,0.156863,313,4,1063.20276,52.00396,73.420029
476760,5973330,-999,-999,24.205475,0.349206,231,3,9467.93555,52.578514,73.852539
468750,5973360,-999,-999,20.799713,0.194805,312,4,5430.58008,51.818096,73.286591
472260,5973360,-999,-999,28.210449,0.184615,242,2,7461.38037,51.801109,73.266891
458010,5973450,-999,-999,27.786469,0.158879,242,2,361.247833,50.061913,71.922913
458250,5973450,-999,-999,29.423065,0.155556,242,2,394.588379,54.296337,75.016884
464280,5973450,-999,-999,23.123077,0.168539,313,4,2563.20117,54.82476,75.173027
467190,5973480,-999,-999,22.421112,0.25,312,4,4285.06689,52.797867,74.044518
458520,5973510,-999,-999,27.191162,0.045872,242,2,391.15213,53.289116,74.349228
458310,5973570,-999,-999,25.386902,0.054545,242,2,295.465729,48.086937,70.329376
467430,5973570,-999,-999,20.879456,0.178082,312,4,4390.4668,52.995087,74.154274
472020,5973570,-999,-999,25.843719,0.302326,242,2,7181.1001,51.799099,73.265747
474240,5973570,-999,-999,22.176422,0.373134,231,3,8138.40869,51.792244,73.257828
467280,5973630,-999,-999,21.771729,0.195122,312,4,4242.64063,53.030083,74.189301
456030,5973660,-999,-999,20.334778,0.116883,312,4,241.867737,51.806538,73.274101
470280,5973690,-999,-999,20.799713,0.162791,312,4,6323.81201,51.804749,73.27298
476640,5973690,-999,-999,31.190308,-0.012658,231,3,9088.46484,51.162224,72.777184
452970,5973750,-999,-999,41.238312,-0.208333,123,1,1195.49158,51.292313,72.873154
454470,5973750,-999,-999,22.668518,0.175,313,4,635.688599,50.371628,72.145363
473010,5973840,-999,-999,21.268402,0.40458,211,3,7325.96045,51.503487,73.038612
467340,5973870,-999,-999,21.663879,0.175,312,4,4103.42529,51.90593,73.384628
476490,5973870,-999,-999,30.750061,-0.05814,211,3,8870.31543,52.337021,73.673508
477900,5973870,-999,-999,22.64801,0.015385,231,3,9329.61426,52.200268,73.563919
459030,5973930,-999,-999,24.478333,0.047619,312,4,108.166542,50.203568,72.017776
472440,5973930,-999,-999,26.806305,0.261745,231,3,7000.03564,51.779041,73.238022
453840,5973960,-999,-999,23.790649,0.237288,311,4,1230,53.514847,74.557129
455130,5973990,-999,-999,21.726196,0.102564,312,4,189.736664,52.36718,73.700073
473370,5974050,-999,-999,20.348511,0.390625,211,3,7312.25,52.354752,73.689972
477750,5974110,-999,-999,22.641968,0.541401,211,3,9052.84473,52.873974,74.076561
468810,5974140,-999,-999,23.295471,0.146341,312,4,4944.90625,51.297314,72.89537
464580,5974200,-999,-999,20.850769,0.179487,312,4,2113.03101,50.990952,72.702065
474630,5974200,-999,-999,26.417328,0.166667,211,3,7765.8291,52.342087,73.679581
476880,5974230,-999,-999,26.741699,0.082192,211,3,8652.07519,51.359337,72.931549
453030,5974320,-999,-999,29.423065,-0.213115,123,1,644.127319,52.191387,73.559593
469230,5974320,-999,-999,22.716888,0.227273,312,4,5133.59522,52.33889,73.684082
473070,5974380,-999,-999,19.053558,0.452055,211,3,6880.21094,51.815628,73.27951
476670,5974380,-999,-999,23.565369,0.155556,243,3,8443.28125,51.390854,72.955246
463110,5974410,-999,-999,27.639648,0.101695,142,2,1140.39465,51.801834,73.273331
464850,5974410,-999,-999,21.128326,0.128205,312,4,2109.83423,51.155655,72.832123
453270,5974470,-999,-999,27.191162,-0.333333,123,1,417.851654,51.446022,72.992264
468870,5974560,-999,-999,20.334778,0.153846,312,4,4709.33105,50.536835,72.27272
465300,5974590,-999,-999,20.769501,0.195122,313,4,2202.29419,53.524017,74.586761
453810,5974620,-999,-999,29.13855,-0.035714,312,4,90,51.088821,72.702965
475350,5974650,-999,-999,25.430969,0.205882,231,3,7709.5332,51.784447,73.255043
464190,5974680,-999,-999,20.991333,0.2,312,4,1494.59021,55.227226,75.829239
472440,5974680,-999,-999,23.950134,0.369863,231,3,6319.25635,51.719646,73.204231
474750,5974680,-999,-999,23.982178,0.409396,231,3,7404.89697,51.81538,73.277374
453660,5974710,-999,-999,28.275879,-0.111111,123,1,60,50.333992,72.125778
463560,5974710,-999,-999,28.119843,0.078431,142,2,1116.06458,51.779354,73.249992
472980,5974710,-999,-999,28.97876,0.028571,211,3,6548.32031,51.277229,72.864624
453240,5974740,-999,-999,26.291168,0.102041,123,1,174.928558,51.874069,73.325371
453480,5974740,-999,-999,26.538757,0.021277,123,1,94.868332,50.836048,72.522446
475620,5974740,-999,-999,22.386261,0.294118,211,3,7728.71289,52.213688,73.582069
463890,5974770,-999,-999,21.560059,0.152174,313,4,1248.51916,54.329079,74.74398
463470,5974860,-999,-999,28.533386,0.095652,142,2,941.54126,51.239326,72.85318
465690,5974860,-999,-999,21.263489,0.111111,313,4,2248.99976,52.791862,74.018944
471450,5974920,-999,-999,25.570862,0.177305,231,3,5716.16113,51.782768,73.254379
471630,5974920,-999,-999,25.70343,0.126761,231,3,5779.73193,51.782753,73.254379
469620,5974980,-999,-999,21.827026,0.195402,312,4,4964.0708,51.907387,73.331955
474930,5975070,-999,-999,27.191162,-0.043478,231,3,7158.69385,51.781029,73.253365
475260,5975100,-999,-999,23.220703,0.333333,211,3,7258.88428,51.867081,73.317429
476730,5975130,-999,-999,26.59726,0.05618,211,3,7750.74853,51.511555,73.04908
474720,5975160,-999,-999,27.191162,-0.201754,211,3,6977.04785,51.277878,72.867836
473880,5975190,-999,-999,24.090698,0.22314,231,3,6536.48975,51.776615,73.248848
472650,5975220,-999,-999,23.997101,0.171875,231,3,5942.80225,51.773773,73.245605
475320,5975250,-999,-999,22.692383,0.343066,211,3,7142.33154,51.514145,73.048462
463290,5975280,-999,-999,30.308716,0.04918,142,2,492.036591,51.056679,72.696899
476730,5975340,-999,-999,27.612244,0.323944,211,3,7551.54297,52.400875,73.72464
478380,5975340,-999,-999,36.827698,-0.180723,211,3,8139.01709,50.952827,72.534554
468600,5975370,-999,-999,21.726196,0.160494,312,4,3949.30371,52.926861,74.132355
477180,5975370,-999,-999,27.251801,0.346667,211,3,7672.14453,51.794624,73.271057
463950,5975400,-999,-999,33.81192,-0.157025,112,2,785.17511,49.403778,71.396408
464400,5975400,-999,-999,26.291168,-0.072165,112,2,1032.27905,53.559216,74.410133
463590,5975460,-999,-999,28.275879,-0.066667,112,2,510.881592,51.758209,73.239197
468030,5975490,-999,-999,19.868652,0.194805,312,4,3457.81714,51.816006,73.289505
477240,5975580,-999,-999,30.750061,-0.019868,211,3,7496.99951,51.789253,73.265991
463560,5975610,-999,-999,34.654083,-0.088,112,2,375.898926,52.223213,73.592117
470010,5975610,-999,-999,30.976624,0.287879,242,2,4586.46924,52.389259,73.717209
463950,5975640,-999,-999,31.6297,-0.106796,112,2,591.692505,48.267056,70.470116
463320,5975670,-999,-999,31.6297,-0.151079,112,2,189.736664,52.237038,73.603889
475920,5975670,-999,-999,20.394867,0.480916,211,3,6982.33496,52.343735,73.681152
473850,5975700,-999,-999,35.540741,-0.148936,231,3,6076.68506,52.817436,74.023895
476610,5975700,-999,-999,23.284515,0.324675,211,3,7172.0708,51.927105,73.371483
474300,5975730,-999,-999,27.639648,0.123288,231,3,6271.72217,51.558571,73.081642
464880,5975790,-999,-999,20.334778,0.185185,312,4,1018.23376,54.648758,75.371796
471720,5975820,-999,-999,25.561401,0.188406,231,3,4980.54199,51.774048,73.249367
463860,5975850,-999,-999,35.071991,-0.208333,112,2,366.196655,51.873535,73.324921
471750,5975850,-999,-999,24.204437,0.291339,231,3,4965.88379,51.773754,73.249199
477060,5975850,-999,-999,28.533386,0,211,3,7181.1001,51.192932,72.804733
476220,5975880,-999,-999,26.628204,-0.006135,211,3,6878.11768,51.276951,72.868271
476790,5975910,-999,-999,28.533386,-0.018182,211,3,7030.8252,51.789444,73.268074
463830,5975940,-999,-999,33.008057,-0.079646,112,2,276.586334,52.131836,73.524368
470460,5976000,-999,-999,30.848328,0.055118,242,2,4363.94336,50.345608,72.130066
471900,5976030,-999,-999,23.27475,0.204301,312,4,4870.82129,51.551834,73.077545
476490,5976090,-999,-999,30.750061,-0.05618,211,3,6764.11865,51.784485,73.263023
464730,5976180,-999,-999,21.304871,0.172414,313,4,636.396118,51.149864,72.646355
470160,5976180,-999,-999,23.961395,0.305785,242,2,4090.68457,51.768692,73.24353
475650,5976270,-999,-999,24.284821,0.174825,311,4,6328.29346,52.338043,73.675865
477960,5976270,-999,-999,34.245575,-0.058824,211,3,7118.60254,51.052147,72.69725
475800,5976300,-999,-999,24.652496,0.365079,311,4,6346.75488,51.765671,73.24202
471000,5976360,-999,-999,28.97876,0.096296,243,3,4211.6626,51.074181,72.712814
467340,5976420,-999,-999,20.635101,0.267327,311,4,2312.33643,53.456085,74.566338
472050,5976450,-999,-999,24.010254,0.212766,243,3,4578.31836,50.437889,72.204285
464460,5976480,-999,-999,21.263489,0.156627,112,2,234.307495,51.40387,72.960922
473880,5976480,-999,-999,24.474152,0.496855,243,3,5412.65186,51.060997,72.677109
471030,5976510,-999,-999,21.726196,0.111111,243,3,4080.44116,51.213459,72.819122
466350,5976540,-999,-999,20.198486,0.252174,312,4,1509.86755,55.671318,76.068771
472380,5976540,-999,-999,23.818665,0.217391,312,4,4642.15478,52.684654,73.943298
466410,5976570,-999,-999,19.274139,0.292929,312,4,1536.74988,54.933594,75.217552
478620,5976570,-999,-999,17.956604,0.494505,211,3,7099.80273,50.790733,72.49395
465090,5976600,-999,-999,18.737823,0.344828,311,4,573.14917,56.479691,76.700699
477300,5976600,-999,-999,17.252563,0.465241,211,3,6566.64307,51.858223,73.317024
475710,5976630,-999,-999,22.996094,0.172414,313,4,6005.17285,51.09539,72.724991
472800,5976660,-999,-999,28.493774,0.214953,242,2,4736.67627,51.826591,73.293213
467160,5976870,-999,-999,19.789825,0.303571,311,4,1878.77625,51.328106,72.81414
464610,5976900,-999,-999,18.97052,-0.242938,331,4,42.426407,41.157429,63.770153
465600,5976900,-999,-999,19.90332,0.23913,313,4,721.248901,53.606182,74.696579
469500,5976900,-999,-999,25.011749,0.17757,311,4,3208.87842,55.83284,76.248695
469620,5976990,-999,-999,19.437561,0.303571,311,4,3152.42773,51.170284,72.806976
477900,5977110,-999,-999,19.805054,0.377049,242,2,6323.74121,51.762558,73.23983
469050,5977200,-999,-999,20.006958,0.361345,311,4,2802.2312,54.212856,75.010727
476610,5977200,-999,-999,18.583496,0.453125,211,3,5759.45313,51.889759,73.339142
468960,5977230,-999,-999,18.848236,0.288462,311,4,2750.36353,52.349548,73.756577
466350,5977260,-999,-999,20.514832,0.232558,312,4,1018.23376,52.371727,73.777435
474180,5977260,-999,-999,34.23526,-0.175,211,3,4849.34033,52.481541,73.789291
466200,5977290,-999,-999,20.420929,0.209302,312,4,890.954529,51.150383,72.795174
471090,5977290,-999,-999,18.890442,0.263158,311,4,3381.89307,51.205666,72.79464
472830,5977290,-999,-999,18.515472,0.252525,512,6,4190.13135,51.644001,73.152351
473100,5977320,-999,-999,28.707733,-0.142857,242,2,4295.34619,50.519463,72.27626
478500,5977350,-999,-999,20.678864,0.439024,243,3,6316.33594,52.048302,73.462532
476340,5977440,-999,-999,22.257141,0.409091,211,3,5438.94287,51.71579,73.19709
466440,5977500,-999,-999,18.884613,0.209302,312,4,924.175293,53.342613,74.497803
473880,5977530,-999,-999,31.190308,-0.04142,211,3,4484.57373,54.706413,75.427269
479130,5977590,-999,-999,25.66037,0.391892,242,2,6255.62939,51.759689,73.243019
474780,5977710,-999,-999,28.360382,0.273973,211,3,4672.68652,51.898598,73.357788
477660,5977740,-999,-999,15.881226,0.519126,211,3,5651,51.764259,73.248276
466860,5977830,-999,-999,19.703888,0.382114,312,4,1002.64648,50.594589,72.420296
470130,5977980,-999,-999,22.30365,0.245283,311,4,2384.38672,50.627319,72.408302
475020,5977980,-999,-999,23.394257,0.362963,211,3,4506.49512,51.086872,72.72654
471030,5978010,-999,-999,21.353882,0.204819,312,4,2716.61548,54.682571,75.434143
478470,5978010,-999,-999,28.087006,0.242236,211,3,5668.17432,52.437153,73.753128
479040,5978010,-999,-999,26.116638,0.062937,242,2,5827.41797,51.7523,73.236801
475980,5978040,-999,-999,18.621979,0.458647,211,3,4752.98877,52.884361,74.090858
478830,5978100,-999,-999,33.81192,-0.177143,211,3,5682.68408,51.998768,73.42627
471840,5978130,-999,-999,21.726196,0.084337,312,4,2989.33106,55.369576,75.852928
468090,5978250,-999,-999,20.514954,0.288462,311,4,1571.78247,58.219959,77.741447
466470,5978310,-999,-999,18.702606,0.344538,311,4,403.608734,48.604973,70.743073
469980,5978340,-999,-999,20.554504,0.257732,311,4,1994.49243,52.165611,73.529602
471270,5978340,-999,-999,22.139526,0.15,313,4,2535.84302,54.489357,75.279343
474570,5978340,-999,-999,23.681244,0.175439,211,3,4012.60522,52.129997,73.524368
472890,5978370,-999,-999,21.85965,0.28972,313,4,3286.60913,54.326256,75.200058
476010,5978400,-999,-999,19.954315,0.368421,211,3,4424.16113,51.586613,73.117081
468510,5978460,-999,-999,19.283722,0.26,312,4,1448.10217,50.215439,72.145889
468150,5978490,-999,-999,19.528656,0.244444,312,4,1356.65027,51.471115,72.953163
467760,5978520,-999,-999,19.067749,0.320388,311,4,1168.46057,48.3116,70.553383
478680,5978550,-999,-999,22.07193,0.375887,211,3,5208.34912,51.757111,73.245514
478650,5978700,-999,-999,30.308716,-0.076142,211,3,5056.49072,52.027985,73.453407
471090,5978730,-999,-999,21.73233,0.204301,313,4,2106.4187,49.670563,71.633232
475110,5978730,-999,-999,30.579865,0.25,211,3,3823.20557,52.273918,73.637596
470790,5978790,-999,-999,21.140228,0.25,313,4,1932.14905,51.034943,72.686272
475350,5978790,-999,-999,25.916382,0.100775,243,3,3842.4602,51.202629,72.817673
467670,5978820,-999,-999,20.497253,0.272727,311,4,890.954529,48.410107,70.657318
472200,5978910,-999,-999,30.308716,0.039216,243,3,2468.94727,51.358715,72.937134
469290,5978940,-999,-999,19.789825,0.252747,311,4,1204.86511,52.10611,73.587334
476820,5979090,-999,-999,24.0224,0.140351,231,3,4077.90381,51.729359,73.216209
477030,5979180,-999,-999,25.016144,0.25,231,3,4079.66919,51.091896,72.726295
469170,5979210,-999,-999,20.15625,0.189873,313,4,910.933594,47.24131,69.82946
479280,5979300,-999,-999,34.654083,-0.245283,211,3,4677.01807,51.042969,72.692963
479100,5979390,-999,-999,17.990204,0.489362,211,3,4534.86475,51.829052,73.303383
478350,5979450,-999,-999,28.275879,-0.25,211,3,4250.48242,51.733276,73.223053
467220,5979480,-999,-999,18.1651,0.309091,311,4,108.166542,43.633305,66.828812
471690,5979480,-999,-999,29.866364,0.073171,112,2,1723.62988,51.078342,72.744759
468300,5979510,-999,-999,20.021027,0.221053,311,4,379.473328,52.102112,73.494629
477840,5979510,-999,-999,28.087006,-0.079545,211,3,4060.20947,51.738693,73.228935
472530,5979540,-999,-999,20.334778,0.169811,112,2,2089.2583,52.594585,73.871155
473100,5979540,-999,-999,19.868652,0.135802,312,4,2328.62622,52.765564,74.052948
469590,5979600,-999,-999,19.576233,0.26,313,4,684.105225,49.707603,71.70163
475470,5979600,-999,-999,32.611694,0.193798,211,3,3111.9126,52.420605,73.751984
478590,5979660,-999,-999,28.275879,-0.261803,211,3,4117.98486,51.252556,72.856125
471990,5979750,-999,-999,29.423065,-0.008,112,2,1639.3291,51.564579,73.092964
472260,5979810,-999,-999,27.44632,0.165049,112,2,1719.18591,53.340038,74.43914
478530,5979870,-999,-999,32.551117,-0.202381,211,3,3899.65381,51.734352,73.226471
479010,5979900,-999,-999,17.669403,0.461929,211,3,4022.46191,51.748383,73.241394
472350,5979960,-999,-999,24.056671,0.309735,311,4,1636.85669,58.953022,78.092964
473370,5980050,-999,-999,22.941345,0.186047,312,4,1961.73389,53.158672,74.351158
476550,5980050,-999,-999,14.832855,-0.253333,231,3,3088.68896,51.725063,73.216667
474780,5980080,-999,-999,27.240875,0.214286,112,2,2438.13452,52.402977,73.718002
476040,5980170,-999,-999,29.486359,0.216783,211,3,2780.95313,50.493996,72.272186
470250,5980260,-999,-999,20.4039,0.2,312,4,371.079498,51.265217,72.897766
474810,5980260,-999,-999,26.959534,0.229508,243,3,2276.83984,51.021847,72.638283
477180,5980320,-999,-999,12.491791,-0.423729,512,6,3083.58569,51.723442,73.216248
478920,5980320,-999,-999,23.512329,0.264151,211,3,3595.62231,51.009018,72.670464
474840,5980410,-999,-999,24.933167,0.098592,243,3,2144.10815,51.053631,72.700294
478620,5980470,-999,-999,35.905182,-0.219251,211,3,3358.39258,51.666924,73.177269
478050,5980500,-999,-999,23.713715,0.43662,231,3,3159.12964,52.1726,73.559807
474000,5980530,-999,-999,27.482239,0.279503,211,3,1764.65295,53.093639,74.259644
473880,5980560,-999,-999,23.746216,0.421053,211,3,1693.87134,50.078857,71.960861
473610,5980650,-999,-999,25.941956,0.256198,311,4,1516.1134,52.420345,73.785927
475500,5980710,-999,-999,24.600464,0.246377,231,3,2083.8667,51.700241,73.201881
476280,5980740,-999,-999,12.962494,-0.409836,512,6,2348.82959,51.719444,73.213959
473220,5980770,-999,-999,23.890106,0.225225,242,2,1247.7981,52.170223,73.598358
474120,5980770,-999,-999,24.826843,0.333333,211,3,1576.64197,50.739109,72.457939
476490,5980770,-999,-999,11.546509,-0.419355,512,6,2406.92749,51.719135,73.213783
472770,5980800,-999,-999,21.056183,0.185185,311,4,1043.55164,53.495392,74.60701
474420,5980830,-999,-999,23.730743,0.346939,243,3,1612.7616,51.474583,73.027344
477600,5980830,-999,-999,12.962494,-0.409836,512,6,2724.05957,51.718472,73.213394
480060,5981010,-999,-999,27.191162,-0.063291,211,3,3380.96143,52.174198,73.564919
477060,5981040,-999,-999,12.491791,-0.428571,512,6,2367.72046,51.716484,73.21225
477450,5981070,-999,-999,12.491791,-0.409836,512,6,2452.30493,51.71616,73.212067
474420,5981130,-999,-999,22.204315,0.312,313,4,1328.15662,54.495464,75.230934
479520,5981340,-999,-999,30.308716,-0.11236,211,3,2852.36743,52.391136,73.741821
480060,5981340,-999,-999,28.087006,0.089552,243,3,3085.77393,52.426861,73.749741
478650,5981430,-999,-999,25.207886,0.231884,231,3,2457.25464,51.715919,73.213898
476460,5981520,-999,-999,11.546509,-0.4,512,6,1703.93665,51.711884,73.20961
476400,5981640,-999,-999,11.546509,-0.4,512,6,1569.7771,51.710732,73.208939
475710,5981790,-999,-999,21.263489,0.125,312,4,1158.79248,51.707157,73.19957
474960,5981850,-999,-999,23.010498,0.190476,312,4,825.408997,55.878498,76.262932
474480,5981970,-999,-999,20.775726,0.209302,313,4,551.543274,45.241158,67.981384
475050,5982000,-999,-999,23.107269,0.030928,312,4,721.248901,53.297298,74.426353
479340,5982000,-999,-999,32.505463,-0.075949,211,3,2174.94824,50.744202,72.467552
473880,5982150,-999,-999,18.463165,0.152941,313,4,189.736664,55.672863,76.095932
477990,5982150,-999,-999,26.291168,-0.064516,231,3,1566.04602,51.705677,73.206024
480030,5982180,-999,-999,30.308716,0.005848,211,3,2308.24609,51.021572,72.681274
475800,5982240,-999,-999,23.722137,0.163636,311,4,787.464294,51.707718,73.204872
478770,5982270,-999,-999,25.386902,0.153285,231,3,1707.62988,51.557686,73.089798
479610,5982390,-999,-999,28.788208,0.2,211,3,1945.37915,51.546463,73.091003
479820,5982450,-999,-999,22.538361,0.493333,211,3,1972.25757,51.038486,72.695862
478080,5982870,-999,-999,22.187683,0.055556,231,3,910.933594,51.702023,73.20591
478560,5982870,-999,-999,22.187683,0.08642,312,4,1072.05408,51.702003,73.205887
477060,5983200,-999,-999,24.478333,0.153846,312,4,300,51.702244,73.208023
480660,5983440,-999,-999,20.799713,-0.102804,411,5,1492.17956,51.692997,73.198708
477810,5983500,-999,-999,26.291168,0.146067,312,4,228.47319,51.699295,73.206314
480420,5983500,-999,-999,24.266083,0.2,411,5,1328.49536,51.692432,73.198387
477540,5983560,-999,-999,19.401367,0.08642,312,4,90,52.554615,73.850487
478800,5983560,-999,-999,24.478333,0.038462,312,4,536.656311,51.698635,73.205933
480450,5983950,-999,-999,22.64801,0.016667,112,2,948.683289,51.69141,73.199776
480120,5984160,-999,-999,29.56839,-0.209302,112,2,603.738342,51.692738,73.20253
480030,5984400,-999,-999,24.785522,-0.20354,112,2,349.857117,51.690418,73.201195
479910,5984460,-999,-999,28.97876,-0.134615,112,2,241.867737,51.689846,73.200859
480000,5984700,-999,-999,22.64801,-0.063063,112,2,84.852814,53.41687,74.498192
480030,5984700,-999,-999,20.799713,0.031579,112,2,94.868332,53.335236,74.434448
483780,5984850,-999,-999,25.345398,0.25,231,3,2040.22058,51.679146,73.190704
484680,5984910,-999,-999,28.087006,-0.062937,231,3,2793.22388,51.678509,73.190331
484110,5984940,-999,-999,26.291168,-0.11811,231,3,2269.91187,51.678249,73.190193
483420,5985240,-999,-999,27.904633,0.221374,242,2,1523.22022,51.675396,73.188553
484680,5985240,-999,-999,28.97876,-0.174825,242,2,2675.55591,51.675316,73.188499
483360,5985420,-999,-999,25.839569,0.158879,242,2,1381.95508,51.67366,73.187546
484110,5985540,-999,-999,25.839569,0.078014,242,2,2044.62708,51.672455,73.186844
484380,5985600,-999,-999,24.017822,0.301587,242,2,2294.55884,51.671848,73.186508
483990,5985780,-999,-999,26.291168,0,242,2,1879.49463,51.670128,73.185524
484200,5985810,-999,-999,22.010162,0.12069,242,2,2083.8667,51.66983,73.185341
455610,5972370,-999,-999,32.127808,-0.092784,122,1,1594.23962,51.601978,73.114616
452190,5973390,-999,-999,28.97876,-0.12381,123,1,1824.82874,51.799606,73.264206
474360,5965680,-999,-999,29.866364,-0.024,112,2,14875.917,52.1502,73.519058
474450,5966670,-999,-999,31.6297,0.007194,112,2,14206.8613,52.558018,73.827682
473940,5973750,-999,-999,20.956909,0.40458,242,2,7837.12305,51.826355,73.285591
463890,5975430,-999,-999,31.190308,-0.045045,112,2,721.248901,51.528061,73.0382
472740,5976600,-999,-999,26.741699,0.054545,242,2,4762.82471,51.561417,73.08976
483240,5985600,-999,-999,29.423065,-0.106061,242,2,1197.74792,51.671928,73.186554
454650,5969460,-999,-999,28.533386,-0.03125,231,3,4649.61279,51.833916,73.281921
477750,5977410,-999,-999,17.146454,0.465347,211,3,5988.58936,51.83371,73.301987
474090,5980440,-999,-999,30.308716,0.125828,211,3,1878.77625,51.791615,73.288834
